0,1
罗庄发布,89
吉林森林消防,71
周至法院,62
莲湖区法院,61
昆明市总工会,58
青州广电,50
徽州反邪教,49
看临洮,49
阆中公安,49
上游新闻,46
西安商网,43
新浪重庆,42
安康政法,42
陕西都市快报,42
重庆检察,42
陇南武都发布,41
云南峨山,39
日照日报官博,38
福建森林消防,38
铁骥视频,38
三明中院,38
重庆青年报,37
点时新闻,37
乌兰浩特政法,37
大庆市中级人民法院,36
重庆校园,36
中国日报,35
内蒙古日报,35
中国新闻网,35
南阳网官方微博,35
未来网,35
新闻晨报,34
渭南检察,34
内蒙古晨报,34
魅力蒙自,34
新京报我们视频,33
叙州之窗,33
寻乌发布,33
广西反邪教,33
美丽开远,33
开阳县检察院,32
花山检察,32
重庆共青团,32
贵阳交通广播,31
成都高新法院,31
桂阳法院,31
空港融媒,31
南充政法,30
碑林检察,30
顺庆公安,30
抚州资溪发布,30
黄龙检察,29
新浪军事,29
白城市消防,29
重庆日报,29
内蒙古青年,29
宜川检察,29
贵溪发布,29
云南政法,28
南阳政法,28
大象新闻,28
郴州中院,28
上海反邪教,28
内江交警二大队,28
青白江综合执法,28
郑州益善互助中心,28
奎文发布,28
九派新闻,27
陇南成县发布,27
华州检察,27
大悟县检察院,27
人民日报,27
大众网,27
福州消防,27
利津发布,27
重庆长安网,27
澄城检察,27
陇南两当县法院,26
文教艺在线,26
平安泸县,26
贵阳消防,26
西部网,26
广州消防,25
垦利区融媒体中心官方微博,25
柳州消防,25
知知贵阳,25
江苏消防,25
新京报,25
重庆广电-第1眼,25
南部公安,25
云南网,25
封面新闻,24
汇光视频,24
新浪热点,24
印象来安,24
神鸟知讯,24
青春临沂,24
七环视频,24
昆明国家高新区发布,24
先知视频,24
白鹿视频,24
南铁漳州车务段,24
山海视频,23
篝火视频,23
中国宣汉,23
兰州西固检察,23
平安绵阳,23
金山消防,23
齐鲁壹点,23
南阳晚报,23
巨流视频,23
昆明广播电视台,23
都市时报,23
青海共青团,23
余江发布,23
共青团西宁市城西区委,23
大河报洛阳新闻,23
红星新闻,22
青晨视频,22
926梁溪之声广播,22
达州应急,22
曲靖消防,22
红星视频,22
城市追擊傳媒,22
昆明官渡发布,22
BRTV新闻,22
陕西铁检,22
富平检察,22
四川应急,22
青白江生态环境,22
三台县公安局,21
平凉森林消防,21
山西青年报,21
河南广播电视台都市公益,21
山西政法,21
铜仁消防,21
云南江川,21
福建消防,21
济南时报,21
徐州消防,21
新城法院,21
金川区融媒体中心,21
呈贡发布,21
南铁宜春车务段,21
中国日报网,20
山海故事汇,20
北京头条,20
河南都市频道公益现场,20
河南消防,20
大河网,20
双桦检察,20
未央检察,20
四川工人日报,20
澎湃新闻,20
平顶山消防,20
白银公安,20
猛犸新闻,20
攀枝花公安,20
平安雅安,20
内江公安,20
山西新闻联播,20
双流发布,20
三明消防,19
毕节消防,19
日照网,19
大参考,19
黄河口检察在线,19
应急管理部,19
中工网,19
昆明东川发布,19
半月谈,19
南铁福州车务段,19
陇南徽县发布,19
华龙网,19
正观视频,19
麦穗视频,19
双流应急,19
黑河市检察院,19
闪电新闻,19
西部决策,19
时间视频,19
新崇信,19
参考消息,19
蚌埠政法,19
威海播报,19
重庆潼南法院,19
石狮公安,19
白水法院,19
北京青年报,18
央视新闻,18
四川观察,18
漫点视频,18
辽视第一时间,18
极目新闻,18
闪直播,18
天目新闻,18
白水检察,18
海报新闻,18
起点新闻,18
昆明五华发布,18
星视频,18
淄博检察,18
昆明日报掌上春城,18
西安日报,18
潼关检察,18
搜狐千里眼,18
乐山检察,18
九江瑞昌发布,18
平安淮安,18
陇南康县法院,18
天天正能量,18
临汾政法,18
雨城警方,18
河北长城网,18
平安盐源,17
绵阳市经开区分局,17
环球时报,17
央广网,17
多彩贵州网,17
吉林政法声音,17
烟台日报传媒集团,17
荔枝新闻,17
遂川政法,17
赤峰日报,17
渝北法院,17
昆明禄劝发布,17
岷县融媒体中心,17
湖北新闻,17
FM968重庆之声,17
嘉兴检察,17
丹东市人民检察院,17
拍者Partner,17
中国网直播,17
中青报-温暖的BaoBao,17
三秦青年,17
平安昭化,17
云南日报,17
嵩明发布,17
北京日报都视频,16
四川电视台新闻现场,16
山海间视频,16
海浪视频,16
山川Video,16
成都商报,16
武城交警大队,16
北京大兴消防,16
稻壳视频,16
资阳消防,16
四川反邪教,16
zfw平安浦城,16
攀枝花消防,16
吉林消防,16
青岛晚报,16
百姓关注,16
大同消防,16
龙岩消防,16
凉山公安,16
齐鲁晚报,16
东方网,16
天水秦安发布,16
南京消防,16
半岛都市报,16
津彩青春,16
株洲共青团,16
中国网新闻中心,16
山西晋媒手机报,16
安宁检察,16
直播威海,16
青年湖南,16
南充交警一大队,16
常州消防,16
环球网,16
陇南网信,16
河南林业职业学院,16
黔东南州消防,16
内江共青团,16
梧州共青团,16
蜂鸟Video,16
文明宁夏,16
菏泽市人民检察院,16
南昌铁路,16
南宁西乡塘检察,16
双流法院,16
长江日报,16
平安朝天,16
临渭检察,16
新浪新闻滚动,15
听中国,15
西安晚报,15
三联生活周刊,15
麦穗视频快快看,15
准点视频,15
贵州消防,15
延安中院,15
临沂临港发布,15
河北长安网,15
沈阳消防,15
重庆巴南检察院,15
新都资讯,15
中国新闻周刊,15
青春山东,15
成都共青团,15
三秦都市报,15
观察者网,15
人民政协网,15
黔西南消防,15
南方都市报,15
海南共青团,15
思茅微博-中国茶城,15
又见都江堰,15
成都高性能纤维材料产业功能区,15
重庆江津法院,15
南宁检察,15
犍为县检察院,15
郑州康宁志愿互助中心,15
合肥高xin清韵,15
平安江苏,15
农民频道,15
牛视频,15
南铁龙岩车务段,15
鲜城重庆,15
西铁资讯,15
广西共青团,15
盘锦市人民检察院,15
CQDK全媒体,15
榆林公安,15
青白江区交易服务中心,15
太原铁路,15
人民网,14
青春龙泉驿,14
海客新闻,14
珠海公安,14
财经网,14
电白检察,14
辽宁消防,14
广元119,14
湖北消防,14
西湖检察,14
龙南发布,14
南充之声,14
杭州网,14
安顺消防,14
云南信息报,14
中国青年报,14
香港中通社,14
中新社重庆分社,14
陕西天天网事,14
百色共青团,14
天津反邪教,14
千龙网中国首都网,14
昌邑市融媒体中心,14
重庆发布,14
庆城融媒,14
抚州临川发布,14
武城公安,14
薛城区检察院,14
河南共青团,14
万州发布,14
三峡融媒,14
广州铁路,14
中国青年网,14
湖北经典音乐广播,14
南铁向塘西车站,14
鞍山共青团,14
时代楷模发布厅,14
平安会东,14
光芒视频,14
慈溪检察,14
莲池法院,14
花娑传媒,14
西安青年聚,14
滇池旅游度假区,14
台州消防,13
潍坊消防,13
天津消防,13
陇南文县司法,13
平利检察,13
秒闻视频,13
中国新闻社,13
知音汉阳,13
滁州消防,13
歙县反邪,13
今晚报,13
香港商報網,13
新城检察,13
人民政协报,13
五峰检察,13
忻州消防,13
遵义消防,13
陕西1频道,13
成都应急,13
福建987私家车广播,13
德阳公安,13
屏山公安,13
看度新闻,13
大兴安岭检察分院,13
双流综合执法,13
广饶融媒,13
吉安消防,13
昆明消防,13
上海奉贤消防,13
欧潭融媒,13
拱墅检察,13
阳光检察-寿光,13
米易公安,13
平安洛宁,13
赣榆之路,13
北京时间,13
930老友记,13
松滋市人民检察院,13
温江发布,13
定陶检察,13
共青团中央,13
网易财经,13
无锡交通广播,13
平安剑阁,13
育见新闻,13
南昌县发布,13
青白江区水务局,13
江安警方在线,13
成都青白江市场监管,13
渝小城,13
平安渝中,13
鱼台融媒,13
昆明日报官微,13
哈尔滨铁路,13
昆明阳宗海风景名胜区,13
武汉发布,13
广元机场公安,12
平安南江,12
每日经济新闻,12
华商网,12
直播南京官方版,12
梨视频,12
看成都,12
沈阳铁路,12
营山交警,12
中新视频,12
湖南消防,12
农民日报,12
扬子晚报,12
临夏消防,12
合肥政法,12
渠县公安,12
无棣县融媒体中心,12
陕视新闻,12
各界新闻网官微,12
各界导报社官微,12
绥化检察,12
郑州交通广播,12
鹤岗南山检察,12
淮安法院,12
武山融媒,12
成都市中级人民法院,12
石河子消防,12
万源警事,12
扬州消防,12
内蒙古反邪教,12
甘泉检察,12
四川消防,12
安康中院,12
重庆市文化旅游委,12
FM963,12
紧急呼叫,12
热点视频,12
商丘日报,12
沿江检察,12
陕西都市热线,12
泉州公安,12
青春达州,12
青岛文明网,12
江苏共青团,12
淮南公安在线,12
濉溪警方,12
源点视频,12
官方魅力石屏,12
贵州共青团,12
甘肃共青团,12
云南共青团,12
邵阳武冈法院,12
钱塘检察,12
河北共青团,12
私家车999广播,12
平阴检察,11
四川观察新闻眼,11
四川观察在现场,11
四川观察新视线,11
手机上的新浪,11
头条新闻,11
微资讯,11
京华同心,11
成铁中院,11
沈阳晚报,11
山西消防,11
营口消防在身边,11
东方红人民法院,11
合肥消防,11
浙江省地震局,11
平安诸暨,11
宝鸡检察,11
淄博警方,11
三都检察,11
燃新闻,11
长宁发布,11
北京广播,11
兴安盟消防支队,11
大河报,11
湖北日报,11
中国江苏网,11
新民周刊,11
深圳消防,11
经济观察报,11
池州共青团,11
红塔区发布,11
苏州消防,11
夹江微警,11
乐山市中区110,11
成都消防,11
昆明市西山区发布,11
丹棱县公安局,11
FM89杭州之声,11
南铁永安车务段,11
工人日报,11
天汉青年-汉中共青团,11
鲁中晨报,11
敦煌发布,11
合肥反邪教,11
南阳日报,11
云南发布,11
郑州反邪教,11
餐饮测评,11
潍坊高新检察,11
开封市场监管,11
中国妇女报,11
娄底车务段,11
威海晚报,11
叙州公安,11
新浪运动,11
湖南交通频道官方微博,11
平安大竹,11
共青团青岛市委,11
青岛交通广播FM897,11
上犹发布,11
潍城发布,11
东营广播电视台,11
直播新疆,11
BRTVi生活,11
大庆检察,11
长沙警事,11
清江廉风,11
黄骅检察,11
深圳卫视正午30分,11
平安马边,11
济南市天桥区人民检察,10
沙湾金盾,10
北京晚报,10
中原网,10
燕赵都市报纵览新闻,10
半岛晨报,10
BOOM视频,10
祁连山林区人民检察院,10
九江消防,10
人民网河南频道,10
游仙公安,10
西安新闻网,10
辽视说天下,10
成都政法,10
沸点视频,10
国家应急广播,10
安康警务,10
浙江应急管理,10
辽宁共青团,10
成都残联,10
天津政法,10
吉林共青团,10
翠屏公安,10
南平消防,10
长春市消防,10
陕西消防,10
浮梁发布,10
历城检察,10
无锡消防,10
毕节政法,10
北方暖视频,10
每刻视频,10
新鲜视频,10
沸点正能量,10
赤兔视频,10
共富视频,10
奔流新闻,10
山东商报,10
北青即时,10
南昌进贤发布,10
西安中院,10
晋城政法,10
中国大学生在线,10
烟台广播电视台,10
陇南宕昌县法院,10
洛宁县见义勇为协会,10
陕西日报,10
新华日报,10
攀枝花平安西区,10
钱江晚报,10
沾化融媒,10
商丘网,10
FM93浙江交通之声,10
四川工会法律援助,10
平安布拖,10
包头消防支队,10
韶关消防,10
中国日报中文网,10
宁夏法治报,10
东港市检察院,10
离石区人民法院,10
杭州检察,10
联动视频,10
蒲江工会,10
恩阳110,10
兰州安宁,10
最江阴,10
三峡商报,10
蟹视频,10
辽宁铁岭消防,10
安阳市第三十二中学,10
明水检察,10
南铁南昌车务段,10
金盾广安,10
抚州黎川发布,10
锦江法院,10
河北日报,10
玉门市融媒体中心,10
SBS暖视频,10
包头晚报,10
桂林火车站,10
葫芦岛市检察院,10
巴彦淖尔市共青团,10
乐山公安,9
北京日报,9
一点资讯,9
听堂FM,9
一手Video,9
江西应急管理,9
微博媒体,9
水母网,9
北海消防119,9
南宁消防,9
山东消防,9
四川省地震局,9
国是直通车,9
华夏时报,9
武侯应急,9
庆阳政法,9
晨曦视频,9
长春晚报,9
重庆生态环境,9
荆楚网,9
昆明盘龙发布,9
广东台触电新闻,9
陕西延安消防,9
平安利州,9
江南晚报,9
四川长安网,9
广西消防,9
共青团娄底,9
晋城消防,9
武汉消防,9
广东消防,9
简阳市人力资源和社会保障局,9
和田消防,9
新源视频,9
游成都,9
板扎零距离,9
共富财经,9
沐川公安,9
青春江西,9
时间拍客,9
柴桑区发布,9
平安达州,9
丽江青年之声,9
宁夏新闻广播,9
烟台日报社大小新闻,9
齐河环境,9
河南日报,9
羊城晚报金羊网,9
杭州交通918,9
泉州气象,9
平安泸州,9
漳县融媒,9
城市晚报官方微博,9
生活帮,9
新华网,9
N视频,9
发现微视频,9
肇庆消防,9
平安湖北,9
平安广元,9
河南广播电视台新闻中心,9
都市频道,9
上海普陀,9
未央法院,9
中国青年杂志,9
淮南治安在线,9
共青团福建省委,9
厦门火车站,9
汉滨检察,9
平安普格,9
锡林郭勒盟团委,9
微博蓝V视频,9
榆中检察,9
西丰检察,9
南京V法院,9
攀枝花平安仁和,9
文明怀柔,9
四川共青团,9
南铁福州客运段,9
华亭检察,9
南宁铁路,9
白银区检察院,9
重庆卫视,9
梧桐Video,9
武汉临空港,9
赣青团学,9
兰州青年,9
中国通渭,9
金塔县融媒体中心,9
金塔发布,9
春城晚报,9
香港衛視HKS,8
大湾区视频,8
新浪健康派,8
诸城公安,8
网易号,8
河南应急广播,8
贵州交通广播,8
河北法制报,8
大通湖公安分局,8
江西消防,8
上海消防,8
焦作消防,8
正义网,8
平安仙海,8
宁波检察,8
金州检察,8
长三角之声,8
微昭通,8
利州发布V,8
义乌消防,8
萧山检察,8
高坪公安,8
甘南检察,8
芜湖共青团,8
宁波消防,8
南通公安,8
清涧检察,8
河南交通广播,8
曾都检察,8
云南平安高速,8
山西晚报,8
浙江新闻频道,8
永州警事,8
郴州北湖法院,8
鹤北检察,8
无锡新闻广播,8
昆明富民发布,8
诺敏河人民检察,8
滨城区融媒体中心,8
今视频,8
四川戒毒,8
西安消防,8
蓉青清风,8
福建海博TV,8
黑龙江共青团,8
山西共青团,8
北京延庆消防,8
人民日报海外版-海外网,8
海南消防,8
生活报新街派,8
章贡发布,8
板扎视频,8
板扎在线,8
安阳消防,8
中国小康网,8
阳光重庆,8
福州火车站,8
改革报社重庆记者站,8
科技日报,8
新华社,8
随县检察,8
天中晚报,8
网信商丘,8
绥阳检察院,8
湖南微政务,8
驻马店日报,8
重庆旅游,8
玉门发布,8
醉美邛崃,8
1018陕广新闻,8
陇南徽县信访,8
纵横视频,8
万盛生态环境,8
财新网,8
上城检察,8
魅力安宁,8
青春上海,8
大众日报,8
保定检察,8
中国反邪教,8
咸阳师范学院,8
翠屏青年,8
内蒙古消防,8
兵团号,8
共青团南川区,8
成都市青白江区交通运输局,8
南京晨报,8
于都县融媒体中心,8
陇南康县发布,8
哈尔滨检察,8
青岛新闻网,8
青白江区总工会,8
中国周刊,8
西乡法院,8
闪电帮帮团,8
齐鲁网,8
第一现场,8
重庆广电全媒体,8
新都服务,8
文明许昌,8
中原盾,8
北京市石景山,8
鄂尔多斯发布,8
连云港市连云区法院,8
青白江区大同街道,8
陇南礼县发布,8
江油公安,8
渭源融媒,8
肃州区发布,8
自贡公安,8
东营网官方微博,8
包头新闻网,8
舟曲融媒,8
北海发布,8
平安合江,7
郑州晚报,7
普安检察,7
新浪视频,7
文明昌都,7
安徽日报,7
东坡微健康,7
商洛中院,7
陇南交警,7
全广网,7
海南禁毒,7
津云,7
聚焦定远,7
锡林郭勒日报微博,7
红网,7
安徽消防,7
湖南日报,7
襄阳消防,7
浙江衢州消防,7
濮阳消防,7
共青团承德市委,7
水上消防,7
云南消防,7
抚顺妇女,7
泰安检察,7
贞丰检察,7
洪泽区法院,7
呼和浩特消防,7
漯河消防,7
宁波镇海检察,7
固原消防,7
渭南市委政法委,7
利川发布,7
重庆大足法院,7
品位锦江,7
鹤壁网信,7
山西日报,7
天津日报,7
甘孜森林消防,7
洛阳消防,7
直新闻,7
南通市人民检察院,7
北京市众安公益基金会,7
莲湖检察,7
南丰发布,7
兴文公安,7
重庆轨道交通消防,7
贵港消防,7
新消息报,7
广州日报,7
绵阳交警直属四大队,7
百姓观察,7
曹县人民检察院,7
眉山公安,7
重庆巴南法院,7
湘西消防,7
天府卫士,7
仁寿公安,7
宁津公安,7
平安江阳,7
江畔视频,7
快递视频,7
光芒财经,7
极风视频,7
金牛法院,7
犍为警方,7
抚顺检察,7
中国经营报,7
小康杂志社,7
塔城消防,7
百益星球官方,7
鹰潭网警巡查执法,7
中国基建报,7
正义随州,7
安岳检察,7
北京广播电视台,7
央视网快看,7
宁夏新闻网,7
锦绣青羊,7
四川省人民检察院,7
绍虞城事通视频,7
温州交警,7
桂林消防,7
微博发现,7
ESG观察,7
宁夏共青团,7
平安叙永,7
重庆九龙坡法院,7
四川交警,7
宁夏反邪教,7
网易重庆,7
南岸发布,7
临平检察,7
财经杂志,7
海曙检察,7
多维财经,7
大公文匯網,7
连云港法院,7
昆明信息港,7
平安盐城,7
點新聞dotdotnews,7
绿色蒲江,7
浦东发布,7
香港文匯網,7
平安古蔺,7
衡阳发布,7
北京环球时报公益基金会,7
散拾视频,7
安阳开发区第三小学,7
德格警方,7
铜陵公安在线,7
城关区检察院,7
吕梁消防,7
枣庄政法委,7
蓬安公安,7
上林检察,7
黔南检察,7
文明大兴,7
河南法制报,7
河南新闻广播,7
威海日报,7
瞭望东方周刊,7
丹东消防,7
四川残联,7
FM1045旅游之声,7
民乐融媒体中心,7
武汉市汉阳区人民检察院,7
寿县公安在线,7
民生周刊,7
榆林交警,7
南昌火车站,7
iChongqing爱重庆,7
北川公安交警,7
西岗检察,7
山东长安网,7
昌乐发布,7
肃南裕固族自治县融媒体中心,7
南铁赣州车务段,7
巴彦淖尔日报社,7
丽江日报,7
绿色青浦,7
夹江县检察院,7
庆阳广播电视台,7
清水检察,7
开屏动新闻,7
CCTV等着我,7
新浪新闻,6
法治四川,6
新浪新闻热榜,6
我爱围观,6
竹都卫士,6
福建日报,6
广铁集团广九客运段,6
成都交通文艺广播,6
潍坊文旅,6
陕西新闻广播,6
济南日报,6
武侯人社局,6
云南旅游广播,6
济宁任城检察,6
衡阳共青团,6
扬州交通广播,6
龙江气象,6
央视财经,6
道孚警方,6
宜春消防,6
小金公安,6
西南商报,6
滨州消防,6
ZAKER,6
中国网,6
北京西城消防,6
北斗融媒,6
邢台消防,6
东北新闻网,6
永州发布,6
天津滨海消防,6
如东政法,6
平安南阳,6
华声在线,6
红花岗检察在线,6
岳阳共青团,6
重庆高院,6
西充交警,6
上海松江消防,6
伊金霍洛发布,6
检察日报,6
界面重庆,6
指读重庆,6
资阳政法,6
北方新报,6
南方周末,6
莱西检察,6
昆明经济技术开发区管委会,6
重庆巫山法院,6
南方日报,6
唐山消防,6
绍兴消防119,6
平安苍溪,6
成华科协,6
新疆消防,6
合肥在线,6
来宾消防,6
JSTV荔枝视频,6
海西晨报,6
平安纳溪,6
鹰潭消防,6
兰州检察,6
长治政法,6
共青团大连市委,6
定西消防,6
南阳交通广播,6
合肥交通广播,6
星球财经,6
岷县发布,6
文明成都,6
虎嗅APP,6
美东侨报,6
共青团永州,6
龙泉驿职工之家,6
重庆轨道交通,6
平安商丘,6
绍兴越城公安,6
第1眼网评,6
科技视点汇,6
青春菏泽,6
扬州法院,6
钟山清风,6
彭州发布,6
鄂尔多斯晚报,6
武汉交通广播,6
南铁南平车务段,6
网易新闻客户端,6
重庆城科微博协会,6
寿光市融媒体中心,6
成都市场监管,6
重庆财经职业学院,6
瓦房店检察,6
黑龙江-平安黑龙江,6
潍坊环保,6
环球总财,6
乐山消防,6
单县人民检察院,6
抚州消防,6
南充顺庆检察,6
安康检察,6
环球时报-英文版,6
宜宾临港经济技术开发区,6
武侯发布,6
成都检察,6
搜狐新闻客户端,6
北京海淀法院,6
黑龙江日报,6
齐鲁电视台,6
天津南开消防,6
青年报,6
青春湖北,6
江科青年,6
青春黄石,6
平安宁南,6
民生新闻,6
成都龙泉驿公安,6
宁都发布,6
来宾共青团,6
东湖检察,6
铁路合肥站,6
有料,6
武侯市场监管,6
石家庄新闻广播,6
崂山检察,6
宁县融媒,6
安徽商报,6
中国科技工作者之家,6
重庆江北法院,6
六盘水消防,6
惠水检察,6
共青团张家界,6
砀山发布,6
杭州日报,6
玛纳斯检察,6
西充公安,6
河北新闻广播,6
铜梁法院,6
中国警方在线,6
光明网,6
广安区公安,6
宿州团市委,6
天津河西检察官,6
陇南信访,6
永春气象,6
陕西政法,6
中国网文化,6
山东卫视,6
FM104襄阳之声,6
中国甘肃网,6
军迷圈官微,6
中华全国学联,6
半岛网,6
鄄城县人民检察院,6
嘉兴公安,6
微博兰州,6
经开公安,6
清原宣传,6
筠连公安,6
宝泉检察,6
德州市公安局陵城分局,6
宜宾公安,6
陇南文县发布,6
瞭望,6
湖北之声,6
河北广播电视台,6
西昌公安,6
上海杨浦,6
一点视频,6
葫芦岛建昌县检察院,6
眉山疾病防控,6
山东广播电视台,6
甘肃检察矿区分院,6
邯郸新闻网,6
内江交警直属一大队,6
百姓调解,6
南康发布,6
振兴检察,6
侠客岛,6
海南大学团委,6
麦积检察,6
小莉帮忙,6
兰山政法,6
凤凰卫视,6
泾渭视频,6
青白江民政,6
云财经,5
河北新闻网,5
新浪四川,5
广西政法,5
福建东南网,5
金沙检察,5
大象融媒,5
海南日报,5
NBD视频,5
龙岩学院团委,5
麦穗Video,5
央视一套,5
安庆消防,5
阳光报,5
浙江消防,5
陕西应急管理,5
如皋政法,5
白河检察,5
平安越西,5
利州文旅,5
三门峡消防,5
郓城县人民检察院,5
成都人防,5
果然视频,5
四里河正道,5
众兴正道,5
长沙铁路运输法院,5
高县发布,5
黄石119,5
云南法制报,5
丽江消防,5
西部法制报,5
中国电信,5
青白江司法,5
彭水县法院,5
涪陵消防119,5
陇南武都社保局,5
漳州消防,5
锦观新闻,5
云浮消防,5
滁州市人民政府发布,5
鞍山消防伴你行,5
重庆消防,5
青川交警大队,5
菏泽应急管理,5
津法之声,5
广东公安,5
丽水消防,5
沸点壹刻,5
河南手机报,5
甘谷检察,5
重庆两江自贸法院,5
贵阳新闻综合广播,5
安徽检察,5
合肥市广播电视台交通广播,5
卓尼检察,5
绵阳消防,5
信阳共青团,5
驻马店生态环境,5
沈阳市检察院,5
淮安消防,5
自贡高新公安,5
中国气象局,5
保定消防,5
大连检察,5
天水麦积区图书馆,5
新闻深一度,5
凤凰新闻客户端,5
天府气象,5
大余发布,5
重庆市华岩寺,5
中国交通广播,5
人民网云南频道,5
新浪新闻客户端,5
德州共青团微博,5
宜章法院,5
泉州消防,5
海林-检察,5
北京文艺广播,5
群众新闻网,5
微成都,5
河北青年报,5
株洲发布,5
铜川新闻联播,5
第1眼网罗天下,5
第1眼现场,5
东方红人民检察,5
当代生活报,5
中国慈善家杂志,5
北碚消防,5
蚌埠检察,5
草原铁路,5
广汉融媒,5
南充公安,5
嘉陵公安,5
纳雍检察,5
微博媒体学院,5
热点观察所,5
郴州消防,5
大象财富,5
南铁南昌客运段,5
36氪,5
现代快报,5
法治日报,5
贵阳日报官方微博,5
贵阳网,5
贵阳新闻网,5
瑞时名表售后中心,5
1039温州交通广播,5
淮安政法,5
辽宁朝阳消防,5
四川公安,5
重庆婚纱摄影工作室-雅云摄影,5
黑河消防,5
沈阳网,5
礁点视频,5
965苏州生活广播,5
宜宾发布,5
南溪发布,5
陕西汉中消防,5
国资小新,5
楚天交通广播,5
安徽高院,5
延边消防,5
晋江公安,5
亚布力人民检察,5
南昌日报,5
苏州新闻网,5
姑苏晚报,5
苏州日报,5
萍乡消防,5
新浪山东头条,5
明日头条,5
德州日报官方微博,5
摄氏度视频,5
平安喜德,5
菏泽市牡丹区人民检察院,5
太原市万柏林法院,5
河南公共频道,5
新都教育,5
临安检察,5
漯河网信,5
聚焦四川热点,5
青海西宁共青团,5
VS骑摩托,5
涪城公安,5
平安安州,5
北方法制报,5
蓝媒视频官方微博,5
内江东兴公安,5
厦门晚报,5
福州日报,5
Vista看天下,5
网易政务,5
成都大学,5
松原市消防,5
郑在办,5
枣庄公安,5
一切为了群众,5
荔直播,5
昌江发布,5
江岸检察,5
北仑检察,5
成都国际铁路港,5
宣汉县检察,5
图们市检察,5
中国搜索,5
湘潭公安,5
秦州融媒,5
博州消防,5
四川青年志愿者,5
北疆女声,5
瑾青翡翠严选,5
中国社会福利基金会,5
品质崇州,5
山西云媒体,5
中安在线,5
池州政法,5
惠民融媒,5
内蒙古长安网,5
咪咕头条资讯,5
江苏省高级人民法院,5
北京城市广播FM1073,5
白河团县委,5
菏泽中院,5
抚州网警巡查执法,5
成都市蒲江县经科信局,5
澎湃质量观,5
无锡电视官方微博,5
曲靖市师宗县,5
动静贵州,5
重庆五中法院,5
广州日报大洋网,5
首都广播电视,5
青岛公安,5
合肥共青团,5
岳阳消防,5
顶端新闻,5
三台交警大队,5
武侯共青团,5
网信白银,5
豫教思语,5
连云港日报,5
青岛发布,5
佛山消防,5
成都市青白江区农业农村局,5
中国华文教育网,5
新郑融媒,5
茂名消防,5
新浪黑龙江,5
平安龙马,5
德州运河公安分局,5
宿州埇桥发布,5
青羊共青团,5
快看沙雅-,5
眉山高新公安,5
滨江检察,5
京津冀之声FM1006,5
视听中国,5
厦门大学嘉庚学院,5
南宁共青团,5
北部湾在线,5
微光视频,5
黑龙江林区检察,5
城关发布,5
陇南宕昌发布,5
生活全报道,5
南铁鹰潭车站,5
景泰融媒,5
天水甘谷发布,5
甘谷县融媒体中心,5
闪电少儿,5
闪电视频,5
闪电生活,5
闪电触角,5
闪电财经,5
了不起的山东,5
理响栏目,5
闪电纪录,5
ING现场,5
今日诸城,5
财联社APP,4
林芝森林消防,4
爱看头条,4
图数室,4
青流视频,4
绍虞城事通,4
武汉新闻广播,4
攀枝花综合广播,4
平安青川,4
华商报,4
南通政法,4
中宏网,4
福州生态环境,4
四川省社会科学院,4
枣庄市人民检察院,4
新浪湖北,4
怀化网警巡查执法,4
三湘都市报,4
最南充,4
珙县发布,4
西部崛起栏目组,4
云上深夜快递,4
羊城晚报,4
纵相新闻,4
钱江视频,4
民勤县融媒体中心,4
法治成都,4
山东法制报,4
大渡口区法院,4
宿迁消防,4
青蕉视频,4
文理青年,4
白山市消防,4
聊城消防,4
人民在线,4
成都城市管理,4
央视军事,4
天津西青消防,4
南昌消防,4
共青团重庆大学委员会,4
驻马店消防,4
金堂发布,4
渝北智慧停车,4
重庆忠县消防,4
天津东丽消防,4
济南消防,4
贺州消防,4
烟台消防,4
新快报,4
猫扑,4
南阳发布,4
陕西检察,4
平安三明,4
营山公安,4
绵阳高新公安,4
水义,4
荆门市东宝区人民检察院,4
网信郑州,4
湖南公安,4
青岛环保,4
天津和平消防,4
雷波公安,4
禾苗Video,4
每天学点经济学,4
西安广播电视台,4
百姓就业,4
凤凰周刊,4
第1眼视频,4
哈尔滨消防,4
晋城市中级人民法院,4
厦门日报,4
南溪公安,4
每日商报,4
法治网,4
攀枝花平安钒钛园区,4
莆田消防,4
鹤城网警巡查执法,4
潍坊公安,4
济宁日报,4
柳州公安,4
环球科技热点,4
活力河西青年,4
动静新闻,4
西南铁路,4
中访网财观,4
CGTN,4
江西吉安气象,4
正观新闻,4
文汇报,4
重庆购物狂网站,4
铜仁发布,4
黄冈检察,4
芙蓉公安,4
直播海南,4
潍坊政法,4
新盟,4
邵阳市洞口县法院,4
中国网财经,4
上海科普,4
水韵温江,4
嘛嘛公寓,4
平安武汉,4
嘉鱼检察,4
北京昌平,4
仪陇公安,4
重庆高速12122,4
开州发布,4
新浪宁波,4
临沧消防,4
青春西大,4
重庆渝中消防,4
SMGNEWS,4
重庆游品,4
江北检察,4
四川网警巡查执法,4
临汾消防,4
深圳晚报,4
彭州综合行政执法,4
抚州乐安发布,4
湛江政法,4
重庆人社,4
余杭检察,4
泸州生态环境,4
贵港共青团,4
重庆奉节法院,4
吉林新闻综合广播,4
宁夏政法,4
咸阳共青团,4
观察者网新闻客户端,4
浙江iptv,4
四川省学生联合会,4
南国早报,4
山东电视生活频道,4
安顺检察,4
中国铁建,4
都市报道,4
常德中院,4
鄂尔多斯日报,4
中国摩博会官方微博,4
成都公安,4
新闻种草官,4
全球新闻眼,4
人民视频,4
重庆交通广播,4
凤凰网IP节目,4
盐亭公安交警,4
大公報-大公網,4
云南森林消防,4
首都网警,4
山西教育幼教,4
旌阳警方,4
网信平山,4
泸州青年,4
天全警方,4
青春江津,4
安徽团省委,4
山东政法学院微博协会,4
平武公安,4
玉林消防,4
四川警察学院,4
达州城管,4
硚口检察,4
我苏特稿,4
东南早报,4
六盘水日报,4
济宁环境,4
锦江检察,4
第一帮帮团,4
泰安环境,4
庆阳司法行政,4
辽源龙山检察,4
兔葵视频,4
高县公安,4
青春北京,4
上海松江发布,4
中国长安网,4
滨州职业学院,4
大连网警巡查执法,4
博山检察,4
浙江日报,4
广州新闻电台FM962,4
四川南充消防,4
共青团昆明市委,4
长沙晚报,4
内江中区公安,4
公益时报,4
陕西文明之声,4
宁波公安,4
南宁反邪,4
德州交警,4
玄武法院,4
天下泉城,4
神木检察,4
峨眉微博,4
巴中日报,4
衡阳蒸湘公安,4
人民论坛,4
宁夏日报,4
江苏新闻,4
台州公安,4
无锡博报,4
见马鞍山,4
文旅青白江,4
汉台检察,4
南京广播电视台,4
宝鸡团市委,4
科新公安,4
广东省红星国防教育基金会,4
长沙政法频道,4
南县公安局,4
凤县检察,4
仁怀检察,4
北大荒牧业集团,4
贰河视频,4
映象网,4
都匀检察,4
上热点app,4
黑龙江消防,4
广东共青团,4
8099999,4
大连政法,4
华阴检察,4
经视直播官方微博,4
湖北经视,4
李庄古镇,4
上海崇明,4
聊城共青团,4
阳泉消防,4
大庆网警巡查执法,4
华广网--中国华艺广播公司,4
山东威海消防支队,4
看看新闻正能量,4
昆明晋宁发布,4
上虞公安,4
金陵晚报,4
亿欧,4
平安通川,4
新京报贝壳财经,4
平安黄埔,4
成都彭州公安,4
菏泽巨野县法院,4
平顶山市教体局,4
看看新闻KNEWS,4
青春井大,4
蚌埠共青团,4
新浪新闻品牌官,4
奉新发布,4
重庆市妇联,4
重庆天天630,4
马鞍山团委,4
孝感日报,4
小强热线-浙江教科,4
共青团巴州区委,4
阳信融媒,4
南昌共青团,4
南通州融媒,4
青春自贡,4
陕西政协,4
广州政法微博,4
长江云官方微博,4
金昌公安,4
清远消防,4
宁夏消防,4
中国环境,4
新闻夜航,4
湛蓝视频,4
周口晚报zkwb,4
陇南司法,4
河北广电,4
凤凰网视频,4
铁骥视频海外频道,4
话匣子FM,4
新浪教育,4
新浪看点,4
巢湖公安,4
国网江苏电力,4
上海证券报,4
京视频,4
济南市中融媒,4
洪雅公安,4
广西交通台,4
菏泽日报,4
苏州发布,4
长春南关区法院,4
陕西榆林消防,4
重师青年,4
德州环境,4
枣庄市中融媒,4
城市更新,4
怀化消防,4
信阳消防,4
氪观视频,4
林州市第二中学,4
正义广水,4
950MusicRadio,4
闻所未文,4
中国雪蜡车,4
新疆铁路,4
运城政法,4
山丹发布,4
兰州校园,4
播音主持艺考指南,4
国网徐州供电公司,4
OCT华侨城,4
896汽车调频,3
蓝鲸财经记者工作平台,3
中国侨网,3
天眼新闻,3
萧山日报,3
三亚广播电视台,3
太原晚报,3
婚姻与家庭杂志,3
北京市地震局,3
长春新闻广播,3
平潭消防,3
南昌广播电视台,3
安徽商报橙周刊,3
澄迈消防,3
成都手机报,3
今日女报,3
都江堰司法,3
苍梧晚报,3
昌吉州消防,3
彭水生态环境,3
成都新闻广播,3
郡县联播,3
韩城检察,3
内蒙古鄂尔多斯消防,3
凤翔检察,3
连云港消防,3
河南经济报,3
活力内蒙古,3
龙里检察,3
长沙消防,3
河北消防,3
淄博消防,3
搜狐财经,3
趣头条,3
成都水务,3
中国城市报,3
走进红河消防,3
正义高密,3
齐齐哈尔网络辟谣,3
网信齐齐哈尔,3
郑州消防,3
廊坊消防,3
和谐宽城,3
安徽司法,3
重庆客运段成渝高铁,3
海峡导报,3
融媒吴江,3
钦州消防,3
雅安消防119,3
黄石发布,3
平安温州,3
郑州航空港区消防,3
邵阳消防,3
上饶消防,3
顺庆政法,3
魅力安定,3
中新图片,3
柳州气象,3
潮州消防,3
聚闻资讯,3
营口市人民检察院,3
网易科技频道,3
猫头鹰视频,3
消防界,3
上海杨浦消防,3
德阳政法,3
武汉应急管理,3
凉山生态环境,3
四川体育职业学院,3
天津应急,3
伊春市消防救援支队,3
清风娱乐,3
天津北辰消防,3
网信重庆,3
恩施消防,3
上海建桥学院微博协会,3
BJTV图说宝鸡,3
益阳共青团,3
天山网,3
新疆发布,3
中国石化胜利油田,3
沈阳大东检察,3
法治碑林,3
环县融媒,3
新浪财经,3
潼关法院,3
河北反邪教,3
重庆移通学院,3
郫都发布,3
安徽气象,3
重庆工贸职业技术学院,3
东北网,3
IT之家,3
央视网科技,3
湖北随州交警,3
沸点拍客,3
微彭山,3
兵团长安网,3
镇江消防,3
汕头政法,3
湖南高院,3
乡野日记官方微博,3
哈尔滨政法,3
世界观察局,3
微博媒体视频,3
中国足协青少年足球,3
天津静海消防,3
天津司法,3
奇点财经,3
达州观察微博,3
新浪广东,3
腕时汇名表维修,3
舟山消防,3
重庆城科传媒中心,3
自贡消防,3
正义南康,3
湖州消防,3
重庆城市科技学院,3
安阳师范学院,3
靖远融媒,3
中新经纬,3
陵水消防,3
传媒茶话会,3
界面新闻,3
陇南两当发布,3
池州反邪教,3
河北音乐广播,3
凤凰网健康,3
平安彭山,3
金华交警,3
华夏新貌看乡村,3
济南市中检察,3
自由点官方微博,3
新都应急,3
搜狐资讯,3
福建气象,3
央广军事,3
新津应急,3
三峡晚报,3
遂宁消防,3
环球人物杂志,3
网易数码,3
陇原政法,3
天水云视线,3
成都师范学院心理健康教育中心,3
中青网校园通讯社,3
中国石化,3
农媒视角,3
万源交警,3
重庆市场监管,3
重庆市教委,3
清徐政法,3
广安消防,3
平坝检察,3
泰安消防,3
海峡之声,3
财经新媒体,3
界面Vnews,3
微博政务,3
新晚报,3
青春随州,3
贵州省平塘县法院,3
甘肃省地震局,3
大庆消防,3
乐山市生态环境局,3
平安宣汉,3
中国乡村发展基金会,3
上海奉贤发布,3
平安北京,3
ING直播,3
一见读书BooksAlive,3
时差视频,3
湖南高速警察,3
梧州消防,3
安阳高新区第一小学,3
GUSHUMUJIONG,3
温岭消防,3
珙县公安,3
惠州消防官微,3
和县教育,3
嘉陵政法,3
黄陂检察,3
张家口中院,3
北林检察,3
河南省青少年发展基金会,3
龙泉驿区龙泉街道,3
桂林反邪,3
共青团鄞州区委,3
财新周刊,3
甘南消防,3
桂林共青团,3
大连中山检察,3
克拉玛依消防,3
陇南康县信访,3
岚山发布,3
长沙共青团,3
百姓1时间官方微博,3
财联社CC新闻,3
鲁网,3
邯郸团市委,3
山东天气,3
驱动中国官方,3
桂体先锋,3
四川新闻网,3
中国网丝路中国,3
成工青年,3
青春滨州,3
益阳日报社,3
倔强科技,3
南昌东湖区发布,3
江西理工大学团委,3
中新社福建,3
哈尔滨校园,3
成都温江公安,3
陇南成县抛沙司法所,3
清水融媒体中心,3
宜昌网警巡查执法,3
石家庄市委政法委,3
天府发布,3
北京司法,3
FM1044太原经济广播,3
共青团大邑县委,3
文明西安,3
郧西县人民检察院,3
金堂检察,3
益阳市公安局,3
唐山广播电视报,3
三秦学子,3
寿光公安,3
星弧权益,3
金华晚报,3
乐享廊坊,3
北京时间直播,3
宝泉岭人民法院,3
南通文明网,3
龙泉驿党建,3
高坪区检察院,3
阿克苏市融媒体中心,3
浪眼航空,3
北海反邪,3
满分视频,3
禾苗视频,3
全球拍视频,3
大河报商丘站,3
云上河南,3
广安微博名人汇,3
稀土高新长安网,3
简阳发布,3
全球视频大魔王,3
大邑人社,3
宿豫政法,3
重庆市公交集团,3
南昌新闻网,3
福州共青团,3
新疆共青团,3
万事神吐槽,3
江中青年,3
新津工会,3
新乡医学院三全学院,3
重庆美好推荐官,3
中江公安,3
盐城消防,3
人民日报评论,3
新浪湖南,3
青春态度星榜样,3
青春襄阳,3
阜阳检察,3
青白江医保,3
凤凰网旅游,3
风闻社区,3
巫溪县人民法院,3
网信驻马店,3
新津教育,3
平安德昌,3
广州检察,3
鹤岗检察,3
全国妇联女性之声,3
邵阳网警巡查执法,3
贵阳晚报官方微博,3
通渭检察,3
天津市总工会,3
中华思源工程基金会,3
武汉广播电视台,3
V平安甘洛,3
西安交警曲江大队,3
金牛文明,3
文明江西,3
1074交通台,3
邛崃教育,3
中国交通网,3
公安主持人,3
烟台公安,3
石家庄车驾管在线,3
我们视频暖心闻,3
安徽政法,3
垫江法院,3
共青团赣州市委,3
隆昌警方,3
快看,3
赣州消防,3
八桂警方在线,3
黄石中院,3
邵阳共青团,3
鲁中网,3
微博大邑,3
重庆沙坪坝法院,3
兰州消防,3
宁德消防,3
中国少先队-红领巾集结号,3
青春湖工,3
云图媒介,3
微博交通,3
北京青年周刊,3
河南大学商学院团委,3
呼伦贝尔市消防救援支队,3
淮安司法行政,3
江川社情,3
侠客视频,3
甘肃日报,3
通辽市消防救援支队,3
陇南文县招商,3
宕昌普法,3
平安北京朝阳,3
奉化检察,3
香港经济导报,3
海南琼中消防,3
廊坊市妇联,3
青城政法,3
景德镇网警巡查执法,3
白沙消防119,3
滨州环境,3
金昌交警支队,3
上海嘉定,3
黑猫夜话,3
南方人物周刊,3
南铁九江车务段,3
陇南康县检察,3
科普中国,3
黔中平坝,3
西安校园,3
重庆反邪教,3
龙泉驿残联,3
平安北京大兴,3
经济参考报,3
江苏好网民,3
宜宾团市委,3
重庆启辰社工,3
四川省总工会,3
平安抚顺,3
青岛日报官方微博,3
中国经济周刊,3
青岛市文化和旅游局,3
陇南市场监管,3
生活这一刻,3
江门电台,3
武汉生态环境,3
两江新区发布,3
陇南礼县团委,3
兰溪公安,3
天气预报,3
江宁发布,3
张家川检察,3
珠海市妇联,3
广东政法,3
重庆网警,3
太原网警巡查执法,3
海峡都市报,3
平安合川,3
河北交通广播,3
云阳县人民法院,3
正面FACE,3
江苏司法行政在线,3
凤凰网历史,3
咸阳政法,3
攀枝花盐边公安,3
新浪天津,3
独角Video,3
禾下视频,3
对焦视频,3
江西晨报,3
河南省许昌市第三高级中学,3
河南教育,3
陇南西和司法,3
昆明市生态环境局,3
陕西发布,3
合肥日报,3
网信新乡,3
海拔新闻,3
高新服务,3
南铁上饶车务段,3
都市条形码,3
金乡融媒,3
廉洁上海,3
静宁发布V,3
福州新闻网fznews,3
陇南成县司法,3
历下检察,3
安徽纪检监察,3
岳阳市中级人民法院,3
平川融媒,3
平安十堰,3
平房检察,3
天津经开消防,3
城固法院,3
云南广播电视台,3
猛犸科技,3
山西朔州中院,3
鹤岗兴安检察,3
陇南两当云屏,3
灵璧清风,3
三穗宣传,3
登封市融媒体中心,3
平安金阳,3
沙洋县人民检察院,3
凤凰名人馆,3
广西卫视,3
安徽网络广播电视台,3
天水检察,3
石柱法院,3
陇南发布,3
平安河西,3
沈阳市浑南区人民检察院,3
老年之声AM1053,3
五原政法,3
昆明市盘龙区文化馆,3
急兔视频,3
湾区在线,2
艾特你了,2
热浪直播间,2
三亚日报,2
都市快报,2
吴江爱心公益,2
两当公安,2
青蜂侠Bee,2
环视频,2
成都人社局,2
贝森德官博,2
梧州正能量,2
枣庄市中区检察院,2
微博江苏,2
重庆城口消防,2
美姑公安,2
揭阳空港消防,2
昆明防震,2
天府市民云,2
黄石港检察院,2
法治新都,2
上海青浦消防,2
温江司法,2
蔚蓝计划,2
简驿广告,2
西部经济网,2
揭阳消防,2
每日热搜-,2
南山区应急管理,2
健康日报,2
一点橙子,2
济南应急管理,2
重庆巴渝民俗博物馆,2
大渡口消防,2
綦江法院,2
二三里资讯,2
内江消防,2
江小白,2
双流教育,2
四平市消防,2
沧州中院,2
红兴隆检察,2
全椒发布,2
江西广播电视台移动电视频道,2
东营消防,2
甘肃消防,2
石嘴山消防,2
辽沈晚报,2
石家庄消防,2
平安重庆,2
中国武警,2
安徽之声,2
井研检察,2
合肥检察,2
陕西省地震局,2
四川司法警院,2
池州消防,2
江西气象微博,2
百色市禁毒委员会办公室,2
南京应急管理,2
株洲荷塘公安,2
眉山政法,2
开封环境,2
闻览红星,2
佳木斯消防,2
临沂市图书馆,2
上海宝山消防,2
秀山消防,2
天水消防,2
万盛消防,2
吴忠消防,2
通化市消防,2
CGTNGlobalBusiness,2
青春广元,2
涪陵发布微博,2
爱柚时髦菌,2
新言财经,2
新民晚报新民网,2
重庆南岸消防,2
威远公安,2
安徽外国语学院大学生记者团,2
遂宁市公安局交警支队直属二大队,2
严浩翔后援会官博,2
潼南消防,2
酉阳消防,2
中国军视网,2
锦州播报,2
国际旅游岛商报,2
新浪科技,2
常州武进检察,2
江苏气象,2
中国经济网,2
环球汽车观察,2
湖北高速交警,2
重庆移通学院綦江校区,2
大祥公安,2
江淮晨报,2
琼海消防在线,2
重庆商报,2
重庆晚报,2
快科技官方,2
中国路网,2
济南公安,2
平安郑州,2
江苏城市频道,2
CGTN俄语频道,2
金平县融媒体中心,2
益阳消防,2
吴海官方后援会,2
重庆对外经贸学院,2
海南州消防,2
北京消防,2
爱范儿,2
重庆火车站,2
央视网,2
达州城事频道,2
湖北卫视,2
中央气象台,2
爱上内蒙古官方微博,2
网信南开,2
芜湖检察,2
直播贵阳官方微博,2
崇左消防,2
WEMONEY研究室,2
遂宁交警直属三大队,2
筠连发布,2
朔州消防,2
天涯社区,2
西安长安检察院,2
三峡日报,2
新余消防,2
毒秒财经,2
德州消防,2
益阳网警巡查执法,2
凡闻资讯,2
太白检察,2
石城发布,2
中青网青小小,2
丝路新闻,2
巴南消防,2
央广网汽车,2
成都苏宁城市奥特莱斯,2
长宁交警,2
贺州反邪,2
重庆商务职业学院,2
兰州铁路,2
瓮安县检察院,2
银川消防,2
高德智感,2
长光卫星,2
贝壳财经,2
巴南广播电视台,2
重庆松山医院-原北部宽仁医院,2
阿勒泰森林消防,2
泰格森安官博,2
西安工商学院,2
爱蕾恩女王,2
931郑州经济广播,2
青春泉州,2
天津津南消防,2
青冈检察,2
看度时评,2
看度全接触,2
黑龙江省高级人民法院,2
辽源消防,2
河南都市爆料,2
都市接到办,2
绿色和平,2
人报融媒,2
成都住建,2
中国三农发布,2
新乡消防,2
黑龙江财经学院团委,2
武汉教育,2
新华网财经,2
北京新阳光慈善基金会,2
巴南发布,2
重庆汇融拍卖有限公司,2
雨花公安,2
呼和浩特共青团,2
湄潭宣传,2
看金牛,2
太原日报,2
大米Video,2
义乌检察,2
北京天安门消防,2
威海应急,2
峨眉公安,2
青年兰考,2
谷城检察,2
镇江市生态环境局,2
青春抚州,2
秦州检察,2
晋法之声,2
中国航天科技集团,2
银川校园,2
中国少年报,2
中国妇女发展基金会,2
环县政法,2
桓台检察,2
中国宁波网,2
奉化发布,2
CTBU工商管理学院爱心桥义协,2
重庆大足消防,2
深圳报业视听中心,2
沈阳日报,2
淄博政法,2
川台影响四川栏目组,2
平潭广播电视台,2
成都市武侯区残联,2
周至检察,2
重庆三中法院,2
厦门网,2
上海长安网,2
重庆市蓝天救援队,2
文明兵团,2
抽屉app,2
郑州大学文学院团委,2
青岛气象,2
搜狐新闻,2
阿波罗越野,2
郑州日报,2
动听968,2
吕梁政法,2
德兴发布,2
九江共青城发布,2
亳州市文化旅游体育局,2
仪陇播报,2
十堰市人民检察院,2
爱辉检察,2
青豆视频,2
曲阜市融媒体中心,2
豫法阳光,2
南京零距离,2
FM985扬州新闻广播,2
人民政协报文化传媒,2
川警青年,2
扬州晚报,2
华西社区报官博,2
和县人民政府发布,2
智慧生活报,2
红河本地生活,2
济阳检察,2
内蒙古广播电视台,2
天水兴国高速交警,2
新浪呼和浩特,2
青白江应急,2
昆明市委政法委,2
西峰融媒,2
钧正平,2
重庆微博房产,2
安徽交通广播,2
蚌埠日报,2
河南大学商学院,2
金鹰报,2
兰州发布,2
浙江之声,2
咸阳检察,2
达旗政法委,2
青春莆田,2
阿勒泰新闻网,2
成都客运段,2
广东台今日关注,2
襄城新闻,2
连云港市海州区法院,2
福从西来,2
华池融媒,2
微航天,2
凤凰私享会,2
南昌新建发布,2
赛梨电竞,2
纵横财经视点,2
风景园林网微博,2
北京音乐广播,2
河北经视,2
资阳高新警方,2
乌拉特后旗政法,2
青春-眉山,2
淮北师范大学共青团,2
菏泽经济开发区人民检察院,2
重庆大学,2
宣城公安在线,2
汉源公安,2
青羊残联,2
湖南女性,2
四川女性,2
大皖新闻,2
东乡族自治县融媒体中心,2
宿松中安传媒,2
浙江公安,2
ZETA联盟,2
烈火金刚-999,2
金华公安,2
延安青年,2
霍山发布,2
合肥逍遥jin清韵,2
池州交警,2
金台检察,2
内江高新公安,2
衢州检察,2
平安武当山,2
石家庄检察,2
成都科技,2
掌上兰州,2
当代育儿家,2
新浪种草官,2
朝阳网警巡查执法,2
新都妇联,2
平安奉节,2
肥东发布,2
赛科龙摩托,2
大渝好吃狗,2
平安潼南,2
泰州气象,2
宣讲家网站,2
正义蔡甸,2
青海气象,2
湖北高院,2
金湖融媒,2
金华新闻网,2
交通发布,2
途尔TourerApp,2
紫光阁,2
南湖发布,2
正义咸宁,2
山东高法,2
四川建筑职业技术学院,2
小扑青岛,2
成都妇女,2
朝阳发布,2
央媒看吉林,2
上海虹口,2
中国行业报协会,2
南方网,2
苏州气象,2
萍乡发布,2
东软青年,2
绵阳交警一大队,2
三师融媒,2
红山晚报,2
福检在线,2
四川省泸沽湖景区,2
增城检察,2
鹤壁融媒,2
FM1015山西文艺广播,2
芦山公安,2
河南广播电视台,2
乌鲁木齐万通汽车学校,2
陇东报,2
FM1031济南交通广播,2
南国今报,2
泾县文化旅游,2
黑龙江奋斗杂志社,2
鹤壁汽车工程职业学院,2
小陇山林区检察,2
临淄发布,2
攀枝花东区微青春,2
浙江团省委,2
眉山消防,2
机投桥街道,2
菏泽成武县法院,2
河南法治频道,2
九易堂官方微博,2
掌闻锡林郭勒,2
菏泽公安,2
焦作示范区公安,2
重庆劲浪体育,2
泰州消防,2
北京大兴,2
黔南消防,2
南部政法,2
娄底消防,2
大余县法院,2
九易堂鹿血牡蛎片,2
聚青城,2
华北水利水电大学,2
秦皇岛职业技术学院微博协会,2
浙江树人学院,2
微融媒官方微博,2
保山发布,2
江苏商报,2
大连海洋大学,2
新余市共青团,2
文明长春,2
易莲者说,2
法治金牛,2
司法部,2
聚焦汇川,2
法治承德,2
德阳共青团,2
衡阳消防,2
重庆电视台不健不散,2
七台河检察,2
延长检察,2
萧县发布,2
上海长宁,2
天水麦积发布,2
亳州发布,2
萍乡网警巡查执法,2
中国日报-英语点津,2
广西公安,2
合肥新闻频道,2
常德共青团的微博,2
天津妇联,2
信阳师范学院,2
江苏监狱,2
南通发布,2
瑞安发布,2
陇南文县教育,2
安居公安,2
六安天海通讯,2
柳州反邪,2
冲浪新知,2
新知推荐官,2
西宁消防,2
保山日报,2
四川天一学院,2
陕西党建网,2
江西新闻广播,2
上海黄浦,2
北疆频道,2
朝天发布,2
大象微公益,2
智慧红谷滩,2
望城之声,2
龙警微博,2
嘉陵检察,2
成都高新市场监管,2
永康公安,2
中国新闻报,2
贺州共青团,2
武侯区环城生态区建设发展中心,2
青白江统计,2
北京林业大学,2
上海商学院,2
锦屏青年九号,2
幕星网,2
厦门共青团,2
黔东南新闻网官方微博,2
西固发布,2
宿迁日报社,2
国网无锡供电公司,2
通辽发布,2
平安北京密云,2
喀什消防,2
安阳市第九中学,2
江西应用科技学院团委,2
武汉新闻,2
南京文明网,2
台州网警巡查执法,2
安徽网络举报,2
新浪陕西,2
阜新消防,2
武汉晚报,2
青年郴州,2
环球杂志,2
盐城交警,2
时视频,2
苏州政法,2
安阳市第三十六中学,2
魅力皋兰,2
盐山发布,2
陕西网络广播电视台,2
泸州发布,2
谯城警方,2
乐清公安,2
平安天津,2
航拍保无人机保险,2
青羊服务,2
包头交警,2
CCTV4,2
潍坊市寒亭公证处,2
VOGE无极机车,2
成武县人民检察院,2
中国移动,2
建德检察,2
重庆邮电大学,2
东华理工大学长江学院团委,2
敦化检察,2
微公益,2
CGTN记者团,2
广告淮军,2
福州发布,2
陇南西和团委,2
濮阳早报,2
环保三亚,2
吉林资讯广播,2
西昌发布V,2
大江网,2
小麦暖视频,2
国网陕西电力,2
咸宁日报,2
延安检察,2
陕西文艺,2
陕西生态环境,2
重庆体彩,2
内蒙古综合新闻网,2
北方plus客户端,2
紫金山视频,2
睢宁融媒,2
玉溪政法,2
丹巴警方,2
中国退役军人,2
搜狐视频移动客户端,2
河南信息广播,2
河北检察,2
凤凰网,2
鲁大自律会,2
秦淮文旅,2
在人间_Living,2
龙泉妇联,2
厦门消防,2
鹤壁新闻网,2
网易新闻,2
天津河西消防,2
渝人车生活,2
文明大连,2
太原消防,2
镇原融媒,2
凤凰网评论,2
阿坝森林消防,2
沈农校园,2
闽南师范大学,2
济南车管,2
云南迪庆消防,2
中国共青团杂志,2
沈阳局集团公司通化车务段,2
崇阳检察,2
武都公安,2
陇南宕昌政务服务中心,2
陇南两当西坡镇,2
河南网信,2
陇南武都政法委,2
雅安市交警支队直属二大队,2
西安交警高速大队,2
礼县乡村振兴局,2
陇南西和工会,2
安徽治安在线,2
青白江区清泉镇,2
陇南成县教育局wb,2
网信焦作,2
东阿融媒,2
辽源西安检察,2
礼县文明办,2
新浪河北,2
无锡都市生活广播,2
新都繁江中学,2
宜春发布,2
南京残联,2
美好滁州,2
盱眙法院,2
坊子融媒,2
广西师范大学团委,2
菏泽市广播电视台,2
昆明发布,2
川南幼专,2
共青团徽县委,2
青海广电,2
青白江服务,2
宁津融媒,2
高淳法院,2
洛带古镇,2
平安天津滨海,2
中国警察网,2
陇南康县网信,2
陇南成县县委统战部,2
府谷公安,2
泰山晚报,2
贵州省凯里监狱,2
家长课堂,2
焦作大学团委,2
绵阳公安交警,2
乌海日报,2
泰安日报,2
晋中消防,2
南昌市生态环境局,2
陇南宕昌宣传,2
陇南宕昌网信,2
极目视频,2
九龙坡区文化和旅游发展委员会,2
沙坪坝微政务,2
寒亭-检察,2
六安裕安检察,2
玉泉区政法委,2
经点视频,2
陕西网,2
连池检察,2
正安县检察院,2
平安汝南,2
安徽蒙城检察,2
烟台市人民检察院,2
西部决策D财经,2
陇南武都团委,2
陇南两当文体广旅,2
富县检察,2
西和公安,2
嘉荫检察,2
昌邑检察,2
北碚法院,2
仁寿县交警大队,2
云南红河发布,2
兰州文化旅游,2
文明安顺开发区,2
铁骥视频出行频道,2
黔南长安网,2
锦州生态环境,2
安徽广播电视台,2
十堰长安,2
绵阳交警五大队,2
定西检察,2
中国体育报,2
陇南电视台,2
人民前线,2
庆阳公安交警镇原大队,2
忠县法院,2
燕赵晚报,2
陕视生活,2
任城融媒,2
经济观察报生活方式,2
青白江区工商联,2
崇州市场监管,2
池州检察,2
焦作市教育局,2
华中农业大学,2
梁山县融媒体中心,2
蒲江教育,2
上海静安,2
江西人防,2
白银区委宣传部,2
会宁发布,2
洛阳师范学院,2
昆明市委党校,2
有课教育,2
沈阳发布,2
福建师大学生服务联动协调中心,2
临夏市融媒体中心,2
大河健康网,2
大河健康报,2
稻城警方,2
味觉星球,2
美国侨报网,2
永州国资,2
昌乐公安,2
平安鹤壁,2
益路繁星,2
数据杂志,2
彭水发布,2
双流人社,2
遇见福州,2
电网头条,2
朔州发布,2
绥棱检察,2
乌拉特前旗法治之声,2
中国妇女,2
会昌融媒,2
今日闵行,2
微评论,2
北京印刷学院,2
淄博市场监管,2
贡井公安,2
鄂城区教育局,2
正宁发布,2
内蒙古科技大学红十字协会,2
西海都市报官方微博,2
CGTNRadio,2
长寿法院,2
邓州市融媒体中心,2
潢川县融媒体中心官方微博,2
项城市融媒体中心,2
新蔡县融媒体中心,2
灵宝市融媒体中心,2
襄城县融媒体中心,2
云上新野,2
禹州市融媒体中心,2
范县融媒体中心,2
开封市祥符区融媒体中心,2
方城县融媒体中心,2
睢县融媒体中心,2
新密市融媒体中心,2
唐河融媒体中心,2
社旗县融媒体中心,2
商城融媒,2
延津县融媒体中心,2
中牟县融媒体中心,2
柘城县融媒体中心,2
济源新闻传媒中心,2
长葛市融媒体中心,2
淇县融媒体中心,2
云上固始,2
新县融媒体中心,2
南召县融媒体中心,2
博爱县融媒体中心,2
修武县融媒体中心,2
尉氏县融媒体中心,2
浚县融媒体中心,2
平舆县融媒体中心,2
台前县融媒体中心,2
濮阳县融媒体中心,2
沈丘县融媒体中心,2
渑池县融媒体中心,2
栾川县融媒体中心,2
汝南县融媒体中心,2
新安县融媒体中心,2
鹿邑县融媒体中心,2
叶县融媒体中心官方微博,2
温县融媒体中心,2
兰考县融媒体中心,2
巩义市融媒体中心,2
鲁山县融媒体中心,2
遂平县融媒体中心,2
汝州市融媒体中心,2
原阳县融媒体中心,2
卫辉市融媒体中心,2
正阳县融媒体中心,2
封丘县融媒体中心,2
太康县融媒体中心,2
杞县融媒体中心,2
林州市融媒体中心,2
汤阴县融媒体中心,2
光山融媒,2
孟津区融媒体中心,2
通许县融媒体中心,2
虞城县融媒体中心,2
卢氏县融媒体中心,2
确山县融媒体中心,2
伊川县融媒体中心,2
内黄县融媒体中心,2
息县融媒体中心,2
舞钢市融媒体中心,2
罗山县融媒体中心官方微博,2
宁陵县级融媒体中心,2
辉县市融媒体中心,2
淅川县融媒体中心,2
上蔡县融媒体中心,2
内乡县融媒体中心官方微博,2
新乡县融媒体中心官方微博,2
鄢陵县融媒体中心,2
永城市融媒体中心,2
郏县融媒体中心,2
滑县融媒体中心,2
民权县融媒体中心,2
偃师区融媒体中心,2
西平县融媒体中心,2
获嘉县融媒体中心,2
嵩县融媒,2
宜阳融媒,2
孟州市融媒体中心,2
荥阳市融媒体中心,2
周口市淮阳区融媒体中心,2
卧龙融媒,2
淮滨县融媒体中心,2
安阳县融媒体中心官方微博,2
临颍县融媒体中心,2
西峡县融媒体中心官方微博,2
商水融媒,2
清丰县融媒体中心,2
镇平县融媒体中心,2
舞阳县融媒体中心,2
西华县融媒体中心,2
扶沟县融媒体中心,2
长垣市融媒体中心,2
宝丰县融媒体中心,2
夏邑县融媒体中心,2
武陟县融媒体中心,2
洛宁县融媒体中心,2
桐柏县融媒体中心,2
昆明市残联,2
广州反邪,2
晨观视频,2
菏泽牡丹区交警,2
平凉公安,1
世面,1
贵港网警巡查执法,1
生命时报,1
宿州网警巡查执法,1
遂宁河东公安,1
河南反邪教,1
国媒法治,1
21世纪经济报道,1
宁波电台音乐广播,1
商学院杂志,1
中国基金报,1
赣州蓉江新区,1
普安政务,1
衢州智造新城公安,1
芒市团委,1
阜阳新闻综合频道,1
苏州交警,1
人民网评,1
陇南徽县麻沿河镇,1
啄木鸟家庭维修,1
不知不行官方微博,1
武汉检察,1
珠江调查工作室,1
镇坪检察,1
西湖之声,1
黄石网警巡查执法,1
烟台广播,1
911苏州新闻广播,1
哈尔滨共青团,1
咪咕纪录片,1
德州新闻网官方微博,1
时代周报,1
徐汇消防,1
中国水运报,1
武昌检察,1
南充文旅,1
南充播报,1
重庆石柱消防,1
江苏涟水法院,1
青白江科协,1
海南文昌消防,1
黄山消防在线,1
金坛网,1
长寿消防,1
科幻网官方,1
深圳龙岗发布,1
南京人防,1
城市金融报,1
攀枝花应急局,1
沸点直播,1
如见App,1
金玉视角,1
遵义发布,1
南京国泰消防集团,1
湖南防震减灾,1
宜昌消防,1
三江检察,1
上海闵行消防,1
重庆两江新区消防,1
重庆江津消防,1
余姚检察,1
钟祥正义检察,1
明光检察,1
山东高速交警一支队,1
人道救援,1
永州消防,1
河南防震减灾,1
成都东部新区消防救援大队筹备组,1
看天App官方微博,1
爽爽贵阳·文昌云岩,1
莱阳市人民检察院,1
珠海政法,1
锦江司法,1
赛为安全,1
电商在线,1
攀枝花-平安东区,1
了知视频,1
笛笛叫船,1
北京房山消防,1
菏泽消防,1
遇见汶川,1
中国食品报,1
涪陵生态环境,1
V苍溪,1
凉山消防,1
爱飞客官微,1
江西师范大学,1
网信鹿泉区,1
海南昌江消防,1
青春师大,1
盘锦消防,1
法治中国60分,1
财诺鞋业,1
国家预警发布,1
中国天气,1
重庆天气,1
许家沟乡第二初级中学,1
新浪潮流官,1
大湾区之声,1
平安宝坻,1
儿童安全力教育基金,1
重庆大学研究生工作部,1
昆明铁路,1
华北电力大学保定校区团委,1
湖师消防志愿者服务队,1
兴城网信,1
重庆市政府网,1
逛来逛趣666,1
普兰店发布,1
厦门广电,1
天津交警,1
蓬溪交警,1
重庆镜子装艺摄影,1
渝小浪,1
温州网,1
重庆交通大学,1
六安发布,1
微博民生,1
重庆三毛摄影,1
中国能源报,1
奉节消防,1
蹬着三轮带你兜风,1
抚顺生态环境,1
四川高正教师公招,1
足球中国,1
慧思来寄宿考研营地,1
陕西农村网,1
重庆移动,1
重庆小米熊儿童医院,1
湖北省政府门户网站,1
产融新媒,1
华榜排行榜,1
乐山大佛景区管委会,1
国际金融报,1
龙视新闻联播,1
宿州市教体局,1
超三联赛,1
上海市法学会,1
公主岭发布,1
重庆科技融媒体中心,1
遵义高速交警兰海高速交警大队,1
石家庄交警,1
天之水网,1
九江发布,1
安吉发布,1
TechWeb,1
菏泽高速交警,1
乐活仁寿,1
贵州省人民检察院,1
新光天地重庆,1
中国吉林网,1
今日影评Mtalk,1
DEEP学牙网,1
宿州发布,1
派财经官微,1
都市丽人内衣,1
隆回公安,1
苏州V房产,1
HUODA艺术考研,1
白塔微宣传,1
古天乐官方影迷会,1
瑞峰财经,1
中国排协,1
bySND,1
JTeam和平精英,1
重庆三峡学院,1
破茧而出成蝶,1
武汉交通,1
临沂生态环境,1
老板联播,1
百媚生原创古装实景摄影,1
众合法硕教育,1
一见影像YIJIANSTUDIO,1
济南生活频道,1
临泽气象,1
重庆融创文旅城官博,1
咸林智慧运维,1
微博暖视频,1
南海龙狮篮球俱乐部,1
丹东发布,1
金牛服务,1
开封日报,1
双流服务,1
开封发布,1
AllinRoom,1
博爱江城,1
FPX使命召唤手游分部,1
长春文旅,1
重庆菲梦摄影工作室,1
微博好吃榜,1
微博乡约,1
微博三农,1
微博县域,1
微博夜话,1
开封广播电视台,1
昭通高速交警,1
青白江房产保障,1
河南广播电视台信阳站,1
梁平区消防救援支队,1
米兰圈,1
重庆小珂丽格,1
丹江口市人民检察院,1
大众网临沂,1
乐和乐都动物主题乐园,1
新周刊,1
石首微博,1
重庆研上考研村,1
你好-斑马,1
湖南文旅,1
中国一带一路网,1
车壹圈,1
重庆伊瓦婚礼,1
重庆复星国际中心,1
重庆悦荟购物中心,1
四川高速,1
河源消防,1
一市财经,1
四川外国语大学国际本科,1
陈昌银麻花,1
CRI日语频道,1
金华消防,1
重庆师范大学,1
久事体育,1
网信葫芦岛,1
网信呼和浩特,1
秀哦约拍,1
温江服务,1
智汇八方,1
陇南生态环境,1
重庆轻工职业学院微博协会,1
网信英吉沙,1
狼队电竞CODM分部,1
润洲热点,1
看宜兴,1
中国消防,1
见闻实时新闻,1
兴安盟消防救援支队,1
锦州消防,1
早报网,1
常州优仕公考,1
重庆武隆消防,1
淄川检察,1
第一财经YiMagazine,1
黄石消防119,1
江西风景独好,1
陇南中院,1
安远发布,1
锦州太和区检察院,1
贝壳财经视频,1
新疆高院,1
四川森林消防,1
第一财经,1
成都工业职业技术学院,1
象山检察,1
汤小鲜和范小满官方,1
沙河口检察,1
昌吉州消防救援支队,1
重庆杜莎夫人蜡像馆,1
酒店之家APP,1
南昌交通音乐广播,1
联播中国,1
厦门天气在线,1
三门峡市育才中学,1
南国都市报,1
大兴魏善庄,1
阿坝州生态环境局,1
广东赫达金属材料有限公司,1
许昌消防,1
天澜致远,1
Ruptly国际新闻视频通讯社,1
重庆融汇半岛酒店,1
派斯学院微博协会,1
广东广播电视台城市之声,1
成华残联,1
四川生态环境,1
眉山强戒所,1
青春恩施州,1
重庆机场官方微博,1
ZEALER,1
黔江消防,1
新华财经官方微博,1
中国科技观察,1
环翠发布,1
定之坊,1
殷都区都里一中,1
榆林检察,1
中国电信客服,1
长白山消防,1
崇州科协,1
浪讯视界,1
西大魔芋,1
戏照服装设计工作室,1
蔡大胖炸洋芋,1
洛阳市洛龙区见义勇为协会,1
长春校园,1
湖南高铁学院微博协会,1
黄冈消防,1
铜川中院,1
中国教育在线,1
中鑫珠宝,1
绿色星球动物主题公园,1
每日财报网,1
联合低音,1
CDTV-幸福成都,1
欧洲产业城,1
江苏省地震局,1
文成发布,1
望江公安华阳派出所,1
牧笛视频,1
南郑检察微博,1
乌鲁木齐消防,1
鄂尔多斯融媒,1
天心警事,1
VFSGlobal,1
天友乳业恬恩奶粉,1
彭州生态环境,1
中建五局,1
江南都市报,1
谷雨-腾讯新闻,1
格尔木消防,1
重庆法治报,1
甘肃检察,1
医学界网站,1
河南日报洛阳新闻,1
北京市怀柔区人民法院,1
蒙阴县人民检察院,1
石台牯牛降风景区,1
悦呼吸yuefresh,1
埇桥教育,1
KINWAY锦晖陶瓷,1
中华红丝带基金,1
天使康复,1
中指土地情报,1
云阳消防,1
重庆永川万豪万枫酒店,1
杜尔伯特县法院,1
中国建筑,1
安徽外国语学院微校园,1
重庆爱乐工厂,1
昆明市安全生产协会官方微博,1
中国科普网,1
民生温度计,1
合川校园,1
南岸校园,1
永川校园,1
币海bihai123,1
郑州轻工业大学,1
眉山交警直属一大队,1
021视频,1
力帆摩托,1
蓝睛,1
龙湖重庆礼嘉天街,1
中国军号,1
消费日报江苏记者站,1
重庆音乐广播,1
重庆汽车消费节,1
长江师范学院,1
重庆綦江消防,1
易媒界传媒,1
新法治报,1
兰州铁路运输检察院,1
德香苑脆皮烤鸭,1
西安检察,1
新北天地商旅中心,1
夔州博物馆,1
菏泽财政,1
海南新闻频道官方微博,1
斩六将财会教育,1
56网,1
武威消防,1
重庆应急发布,1
39健康网,1
V旺苍,1
诸葛烤鱼总部,1
重庆璧山法院,1
品牌童装网61EF-cn,1
今日合水,1
福建科普,1
重庆共青团-学载青春梦,1
新浪保险频道,1
新浪理财,1
陕西安康消防,1
达州生态环境,1
华中师范大学马克思主义学院,1
溧阳检察,1
重庆城市管理职业学院,1
金口河警方,1
拜德雅,1
双流区妇女联合会,1
共青团枣庄市委,1
漫鲸视频,1
重庆工程学院,1
民声面对面山东,1
看见福建,1
青羊生态环境,1
滁州学院团委,1
曲靖青年,1
东方希望集团,1
共青团毕节市委,1
上海水上消防,1
晋江平安内坑,1
绍兴有点甜工作室,1
微看巴中,1
安定高速交警,1
陇南成县法院,1
肃州融媒,1
觅熵MizarVision,1
天水新兴高速交警,1
陇南徽县公安,1
陇南两当信访,1
网易河北,1
天府新区法院,1
岳池公安,1
成都反邪教,1
今日仙游,1
宣城市人民政府发布,1
广东检察,1
嵊州警方,1
平安长寿,1
浙江在线,1
陕西宝鸡中院,1
绵阳交警支队直属三大队,1
陕铁青年,1
精彩渝水,1
义乌工商职业技术学院,1
西安工程大学,1
指尖之荷,1
扬州检察,1
鹤岗兴山检察,1
赣州发布,1
牛城晚报,1
四川商务,1
凤凰网陕西,1
萝卜快跑自动驾驶,1
平安达川,1
西陆强军号,1
五莲县融媒体中心,1
树达网,1
营探,1
交广领航,1
EJEAS爱骑仕蓝牙对讲机,1
农视网,1
抚州南城发布,1
京港地铁,1
we-young,1
时间新闻视频,1
北京Video,1
和林县委政法委,1
眉坞检察,1
重庆市北碚区文旅自媒体协会,1
响水融媒,1
武汉科技大学青年志愿者服务总队,1
中国石油,1
婺源发布,1
共青团巫溪县委,1
南海检察,1
山东文艺广播,1
河南农业大学机电工程学院,1
阜新高等专科学校,1
青春荆州市,1
福建法治报,1
MOTUL摩特中国,1
打鱼晒网,1
文明达州,1
财富时代,1
名城苏州网,1
林同棪国际中国,1
鸭梨读书,1
新浪龙江旅游,1
箭厂科技,1
一点也不八卦的show一点,1
青春武汉,1
越玩越野杂志,1
丽水网警巡查执法,1
凤凰网河南官微,1
科尔沁频道,1
中警安徽,1
富顺公安,1
新泰检察,1
九三检察,1
青岛市图书馆,1
贵州省妇联,1
西秀公安,1
呼玛检察,1
安达检察,1
中新文娱,1
北京美丽乡村,1
延川检察,1
MBG迈卡托什书廊,1
国家林业和草原局,1
黄冈团委,1
曲江新鸥鹏集团,1
成都交通运输,1
事发programme,1
新京报动新闻,1
屏山交警,1
成都科协,1
视美影业,1
许昌市建安区第一高级中学,1
长三角铁路,1
泾县公安在线,1
长沙市天心区法院,1
河南检察,1
纵行科技ZiFiSense,1
南昌林业发布,1
郑州铁路,1
双流文旅体,1
中铁十四局,1
文明南昌,1
祖国杂志社官博,1
VOC智能门锁官方,1
金华公安出入境,1
商南县人民法院,1
知河北,1
平川检察,1
广州互联网法院,1
桔多多商城,1
涪陵法院,1
平安云阳,1
和林格尔县法院,1
凤凰网山东,1
南通州政法-,1
汉风号,1
新津检察,1
湛河政法,1
宁波之声,1
颍州晚报,1
文轩财经,1
甘孜网警巡查执法,1
四川巴中消防,1
浙江天气,1
安岳法院,1
海南在线,1
淮南谢家集公安在线,1
江宁气象,1
孝视新闻眼,1
平塘检察v,1
新荣零距离,1
中国历史研究院,1
陕西省紫阳县法院,1
温泉县政务网,1
达州高新技术产业园区,1
上游新闻看点,1
上游视频,1
重庆南岸法院,1
绵阳市育子园特殊儿童康复中心,1
莒南融媒,1
二三里app官方微博,1
彭州服务,1
北京交通广播,1
中共成都市青白江区委统战部,1
戎归网,1
好评如朝,1
北京外语广播,1
都江堰服务,1
微博云剪,1
济宁公安,1
沈阳校园,1
人民网河北,1
北仓文创街区,1
青春川农,1
成武融媒,1
湖北警官学院每日一拍,1
钛媒体APP,1
广东新闻广播,1
平安船山,1
平昌公安,1
黑河共青团,1
河南大学土木建筑学院团委,1
梁山检察,1
凯迪网络,1
鼓楼微讯,1
巴倒烫重庆陆派火锅,1
中国绿色时报,1
承德网警巡查执法,1
开封市质量技术监督检验测试中心,1
十堰交警,1
南昌网警巡查执法,1
资阳警方,1
国家人文历史,1
长江职业学院,1
雁塔法院,1
掌上春城官微,1
竹山检察,1
360快资讯,1
山东司法警官职业学院微博协会,1
安徽执行,1
白举纲贴吧粉丝团,1
湖北生态环境,1
淮安市公安局淮阴分局,1
随州网警巡查执法,1
六面镜融媒,1
中国广电重庆公司,1
武侯区新经济和科技局,1
新行情,1
凉州融媒,1
梁平法院,1
电商报,1
克州消防,1
财二舅火锅馆,1
九易堂金装聚精丹,1
四川希望汽车技师学院,1
溧水发布,1
泸州政法,1
旬阳法院,1
翠屏发布,1
鸡西消防,1
平安沙坪坝,1
讯传网,1
邻友友,1
中国兵器报,1
政视频,1
重庆客运段,1
平安博州,1
天府永兴,1
保山新闻网,1
内蒙古观察,1
亿天使公益,1
扯馆儿,1
东方消防支队,1
内蒙古自治区科学技术协会科普部,1
和田网警巡查执法,1
武威公安,1
携手急救HIHFA,1
周到上海,1
SciAds亚马逊推广,1
陕西理工大学,1
湾区科技网,1
统景温泉,1
FGI华大鉴正,1
迭部声音,1
亳州晚报,1
新浪新知,1
浙视频,1
江苏省妇联,1
平安嵩县公安,1
成都方志,1
余干之窗微博,1
绵阳交警直属二大队,1
永不消逝的电波PLA,1
北京市重点站区管委会,1
百色反邪,1
上海教育,1
鲁网潍坊,1
青羊教育,1
桔子数科,1
开江交警,1
中华救助,1
人民网四川频道,1
中国科技志愿,1
青岛经济广播FM1029,1
安康网警巡查执法,1
清风扬州,1
南昌校园,1
甘肃省图书馆,1
南京网警巡查执法,1
广西台新闻910,1
清远发布,1
射洪交警,1
杨浦滨江,1
爱陕西Plus,1
平安开州,1
秦皇岛消防,1
青岛交通运输,1
横江古镇旅游,1
高新纪工委,1
景德镇消防,1
远智教育官方微博,1
南昌湾里,1
宁夏禁毒,1
开封消防,1
宝鸡公安,1
福山发布,1
凤凰网公益,1
盐城晚报的微博,1
山东有线新视听,1
陕西工人报,1
IPSHANGHAI,1
云听APP,1
亳州学院团委,1
健医园,1
洛阳市见义勇为协会,1
西南大学青春缙云网络文化工作室,1
山亭发布,1
西安大明宫遗址区,1
中青校媒,1
畅通新都,1
南风窗,1
云顶-动漫,1
科创中国,1
吉林校园微博,1
银川科技学院,1
凯里学院大学生社团联合会,1
四川发布,1
上城金融,1
张家界网警巡查执法,1
纪录湃,1
中国双拥杂志社,1
豫章师范学院微博汇,1
何氏精益眼科,1
天津一中院,1
央视影音,1
成都市12333,1
上海徐汇发布,1
承德消防,1
郑州铁路职业技术学院,1
西安妇联,1
贺州学院,1
米斗视频,1
触电新闻湖南,1
广东热点,1
云南微博运营中心,1
中建八局,1
中国兵器装备集团,1
华水苇渡,1
淄博网警巡查执法,1
麦穗视频追光灯下,1
东胜集团,1
潍坊高新传媒,1
中共毕节市委宣传部,1
夏都西宁,1
南京市总工会,1
任城生态环境,1
美宝集团,1
敕勒川新鲜事,1
共青团大东区委,1
昆明市教育体育局,1
甘肃发布,1
慈溪发布,1
滨州学院团委,1
陇南文县政法,1
高山篷房制造有限公司,1
文县文体广电和旅游局,1
贵州黔南科技学院团委,1
四川侨联,1
攀枝花气象,1
浙大宁波理工学院,1
中国艺术报,1
平潭网警巡查执法,1
兖州融媒,1
中国慈善联合会,1
凤凰网安徽,1
陇南文县天池镇,1
云南丽江警方,1
高县公安交警,1
湄潭县政务通,1
北海新闻网,1
中铁二十二局集团有限公司,1
邵阳市双清区法院,1
南昌妇联发布,1
快报帮,1
天涯舆情,1
大英县公安交警,1
百色公安,1
水墨施甸,1
上海应急守护,1
深圳特区报,1
中山天气,1
人民日报数字传播,1
金堂县人社局,1
聊城交通广播,1
义乌公安,1
自流井公安,1
揭西县融媒体中心,1
新都区经信局,1
双流区红十字会,1
贵州外事,1
安徽中医药大学团委AHUCM,1
宜春网警巡查执法,1
忠县发布,1
微博新知,1
成都市新都区财政局,1
汉中中院,1
竹海茶山甘溪镇,1
顺庆播报,1
拱墅发布,1
海西消防,1
议政金陵,1
中国普法,1
人民文旅,1
壹加壹财务咨询,1
哈尔滨工业大学威海,1
父母必读杂志,1
沧州消防,1
绵竹公安,1
宁波日报,1
广东仲亿大健康2022,1
浙样的生活,1
新闻深呼吸-舒口水,1
经视养生会,1
经视看地产,1
沂蒙晚报,1
兰州司法,1
中国彩虹网,1
吕梁学院大学生记者团,1
泊安飞,1
昆明西山警方,1
皇利科技有限公司,1
活力玉泉,1
爱我大兴社区网,1
石家庄校园,1
航拍网,1
劳士顿ROSDN,1
紫荆雜誌,1
大渡口发布,1
陕西省文化和旅游厅,1
周口日报,1
睿蓝汽车,1
天涯娱乐八卦,1
知乎,1
文旅开封,1
我不是胖虎官博君,1
上海崇明消防,1
正观新闻冬呱直播,1
青海消防,1
龙泉驿检察,1
思鸣法槌,1
郑州气象,1
天气通,1
湖南政法,1
江西卫视,1
三门峡市教育局,1
山西中医药大学新媒体中心,1
央证公开课,1
齐齐哈尔市恒昌中学,1
木森满天星,1
柳州市文化广电和旅游局,1
广西气象,1
掌上青岛,1
广州教育,1
澎湃上直播,1
天塔湖风景区,1
商丘学院,1
浙江理工大学,1
湖北大学校团委,1
圣源寺,1
长春共青团,1
漫游内蒙古,1
湛江消防,1
东楚晚报,1
湖北荆州交警,1
企鹅岛小精英研究院,1
广州共青团,1
安顺市广播电视台,1
沧州交通学院,1
上海黄浦消防,1
哈尔滨微博房产,1
CCTV国际时讯,1
七台河消防,1
华商传媒君,1
瑞金市法院,1
青州市博物馆,1
CHUC河北街舞联盟,1
朔州网警巡查执法,1
国网连云港供电公司,1
山东交通土建工程学院,1
格格动植物保护中心官方微博,1
华大青年,1
商洛学院青年志愿者,1
福建新闻广播fm1036,1
勉县文物旅游,1
信息日报,1
国际在线文娱,1
高县法院,1
商界BUSINESS,1
无锡职业技术学院,1
重庆住建,1
成都银杏酒店管理学院团委,1
天天看余杭,1
970女主播电台,1
湖北师范大学文理学院团委,1
北京海淀消防,1
曹村中心校,1
河南大学药学院团委,1
长沙新闻广播,1
南宁广播电视台,1
中国电影报道,1
市界Pro,1
搜狐视频,1
重庆十八梯传统风貌区,1
鞭牛士,1
深圳校园,1
小央视频,1
重庆科技学院,1
云南玉溪消防,1
鲨剧情叭,1
AI科技融媒,1
法治金堂,1
保亭消防,1
抚州崇仁发布,1
沈阳建筑大学,1
深圳新闻网,1
中国互联网联合辟谣平台,1
海口网,1
中国铁建大桥局,1
新浪吉林,1
南充公安交警,1
上海嘉定消防,1
宜宾消防,1
平安巴中,1
马鞍山生态环境,1
山西晋城交警,1
平安巴南,1
长安望江,1
孝感消防,1
思想火炬,1
峨边警方,1
嘉峪关消防,1
沧江明珠云县,1
漫生活文化,1
河南省互联网举报中心,1
汉阴检察,1
现代快报快快看视频,1
山东管理学院团委,1
凤梨视频,1
防城港消防,1
海南屯昌消防,1
四川警察学院战训基地,1
成都医学院团委,1
宜春市共青团,1
五指山消防,1
济宁晚报,1
安徽美食,1
信丰发布,1
石棉交警,1
微博热点,1
三亚市消防支队,1
名场面加工厂,1
河南大学国际教育学院团委,1
HARMAY話梅,1
甘肃森林消防,1
吉林高新区人民检察院,1
东南大学教育基金会,1
湖北中医药大学学生会,1
988故事广播,1
共青团漳州市委,1
吐鲁番消防,1
上海浦东消防,1
鼓楼发布,1
昆明市中级人民法院,1
菏泽市图书馆,1
四桌火锅,1
万宁市消防救援大队,1
内江经开警方,1
重庆电视台科教频道,1
新疆检察,1
烈山宣传,1
微天津,1
开封市教育局,1
安庆师范大学广播台,1
国网重庆綦江供电公司,1
民生江西,1
无锡发布,1
封面新闻视频,1
寻美陕西,1
上城区妇联,1
后来hora,1
支点财经,1
天津校园,1
霍邱手机台,1
中新网海南,1
鹤岗消防,1
郑州师范学院,1
温州博物馆,1
辽宁朝阳检察,1
网信安阳,1
京法网事,1
滕州融媒,1
兴文发布,1
达州发布,1
南昌市应急管理局,1
黑马婚纱摄影总店,1
青岛消防,1
山东工商学院,1
山东辟谣,1
听见威海,1
安徽妇联,1
派斯学院软件工程学院,1
川北医学院,1
宁波交警,1
金昌消防,1
河南农业大学,1
北青网,1
937江苏新闻广播,1
许昌日报,1
郑州工业应用技术学院,1
青春宣恩,1
陕西公安,1
央视社会与法,1
金山传播,1
海伦检察院,1
南宁献血,1
福建农林大学团委,1
德庄,1
陕西渭南公安,1
铁道警察学院,1
鹿泉发布,1
网信吉林市,1
烟台市蓬莱区融媒体中心,1
陇南网警巡查执法,1
平安平罗,1
最高人民检察院,1
陕西科普V,1
云南警方,1
淮安气象,1
993路上好伙伴,1
平安驻马店,1
达州职业技术学院院团委,1
深蓝财经,1
大连消防,1
浙样红TV,1
牡丹发布,1
大风视频,1
人民法院报,1
最高人民法院,1
江苏卫视新闻眼,1
新闻360,1
新闻空间站,1
佛山电视台小强热线,1
重庆图书馆,1
昆明市森林消防支队,1
国际教育创新岛,1
渭南中院,1
江西交通广播,1
河北科技大学,1
芒市微语,1
深圳日报-英文,1
内蒙古商报,1
北疆新闻网,1
高平一中新媒体协会,1
经理人杂志,1
岳阳晚报官方微博,1
动漫中的西柳村,1
岱岳检察,1
黑龙江外国语学院,1
慢放SlowDown,1
GoChengdu,1
信阳学院,1
微博原创联盟,1
华政新视传媒,1
甘肃交通广播,1
上海海事大学经管所爱学生会,1
普洱-景东,1
晶报,1
河西政法,1
经济日报,1
陇南康县财政,1
陇南徽县银杏树镇,1
正义下陆,1
山西省众信公益基金会,1
红城发布,1
陇南市徽县永宁镇,1
陇南武都洛塘,1
吴起法院,1
海南警方,1
湖南教育发布,1
黑龙江新闻网,1
辽阳市宏伟区人民检察,1
辽阳县人民检察,1
弓长岭检察院,1
辽阳太子河检察院,1
中国战略支援,1
重庆大学微博协会,1
新浪山东,1
智橙尚文化传媒,1
兰州铁检分院,1
中国森林消防,1
雅言丨正音,1
青岛市审计局,1
中通快运官方微博,1
海南工商职业学院_团委,1
麻辣车事,1
蓝海经济观察,1
乐游上海长兴岛,1
网易知识公路,1
石泉检察,1
合阳检察,1
城固检察,1
武汉城郊检察,1
柳州共青团,1
延长法院,1
三湘名博沙龙,1
成都社区教育,1
网信栾城,1
岚山检察,1
成都铁路12306,1
正义秭归,1
汉江检察,1
洛阳网,1
桓台融媒,1
重庆金标尺教育,1
济宁高新检察,1
陕西广播电视台,1
保定市中级人民法院,1
秦皇岛北戴河新区,1
昆明市公租房公司,1
云南粉笔科技,1
亳州检察,1
宿州检察,1
中华网河南,1
东丽检察,1
呼和浩特市总工会,1
凤凰网财经,1
淄博中院,1
武汉东湖学院,1
台州在线,1
厦门应急管理,1
槐荫检察,1
寻美西安,1
平安柯桥,1
银川检察,1
吕梁广播电视台,1
继电器资缘网,1
宜昌检察,1
成都发布,1
江汉联通官方微博,1
本溪检察,1
共青团保亭县委,1
凉山网警巡查执法,1
大美新平,1
平邑融媒,1
平安无锡,1
绥阳人民检察,1
南部检察,1
新浪天津旅游,1
中国安全生产杂志,1
丰都法院,1
萌姐追新剧,1
上海女性shwomen,1
朝歌头条快讯,1
红古区检察院,1
凤凰网-甘肃,1
长沙学院团委,1
璨音文化,1
成都青白江,1
CNR国防时空,1
青白江法院,1
中国水电四局,1
陇南西和发布,1
晋阳街道,1
视觉中国,1
会宁检察,1
井研县公安局POLICE,1
中国文博,1
公安县人民检察院,1
武汉青山检察,1
FM1009石家庄经济广播,1
辽宁检察,1
华蓥青年,1
会理公安,1
辽阳市城郊地区检察院,1
太和检察,1
潍坊市人民检察院,1
天津辟谣,1
重庆市北碚区博物馆,1
西安发布,1
讽刺与幽默报,1
看车玩车,1
博士研究生招聘网官方微博,1
畲乡检察,1
夏河检察,1
成都地铁,1
天天在线116,1
弘博网,1
腾冲边合区,1
今日最新闻官方微博,1
成华发布,1
凤凰网科技,1
长治网警巡查执法,1
安徽音乐频率运营中心,1
颜颜Bestyan,1
成都发展改革,1
物流那些事,1
精彩洛阳,1
中国三峡集团,1
青白江规划自然资源,1
启迪控股,1
珠海市中级人民法院,1
西咸新区泾河新城,1
11D空间,1
成都市政府门户网站,1
文明成华,1
蒲江应急,1
龙泉驿民政,1
原州政务,1
上海帛大实业有限公司,1
看微山,1
汕头青年之声,1
济南广播电视台,1
汉源交警,1
阜南检察,1
郴州检察,1
天津蓟州消防,1
嘉峪关检察,1
海南气象服务,1
爱济南发布,1
文明北京,1
中国人民抗日战争纪念馆,1
武威铁路运输检察院,1
安徽文达学院校团委,1
陇南人大,1
衡水消防,1
1314杂志,1
荆州发布,1
平安北京丰台,1
威海高新区发布,1
公益体彩,1
动感地带街舞,1
诗意宣城,1
武侯商务,1
志源文化,1
南川法院,1
青羊社治,1
中国西部网,1
铜川发布,1
信阳师院报,1
今日牟定,1
共青团上海市12355,1
西安文旅之声,1
云南日报集团机关团委,1
文明洛阳,1
齐鲁女性,1
武侯投促,1
浔阳晚报,1
立巢,1
永昌发布,1
南京江宁城管,1
清廉上城,1
快乐游友艇,1
地道风物,1
普洱发布,1
柳州铁道职业技术学院团委,1
长江师范学院团委,1
佛山市禅城区检察院,1
芒果公益平台,1
中石油浙江销售公司,1
吕梁中院,1
铁力市检察,1
汉语世界杂志社,1
天津教育,1
广发银行,1
京报网_北京日报官方网站,1
梧州货运中心,1
西山科普,1
文明新乡官微,1
博兴检察,1
马鞍山气象,1
江门城管,1
廊坊师范学院,1
万亩油茶之乡_兴隆,1
铜梁司法行政,1
桂林晚报,1
淘途有你,1
临潭检察,1
上海宝山发布,1
槐荫融媒,1
河口广电,1
沂源融媒,1
阳江消防,1
枣庄聚焦,1
崂山风景区官方微博,1
美国侨报网视频,1
河北博物院,1
济源网信,1
温江教育,1
莱西融媒,1
商丘天平之声,1
蚌埠发布,1
北海共青团,1
和县人社局,1
安庆政法,1
九江市共青团,1
金牛教育,1
江西生态环境,1
福清新闻网,1
拒绝跨境赌博,1
河南鹤壁平安鹤山,1
生态雅安,1
陇南公安,1
边城审判,1
六盘水市检察院,1
丰都发布,1
青白江商务,1
成都生态环境,1
蝌蚪五线谱,1
平凉日报社,1
绍兴公安,1
襄阳日报,1
搜狐安徽,1
普洱消防,1
捷顺科技,1
崇州服务,1
庐阳检察,1
临汾网警巡查执法,1
法治崇州,1
河北经贸大学共青团,1
山西卫视,1
法治雁塔,1
金牛区综合行政执法局,1
ChengduPlus,1
晋中新闻网,1
武汉大学,1
开州法院,1
海城宣传,1
阿斯顿帕克教育,1
独山县检察院,1
香城都市报,1
黑龙江党的生活杂志,1
南海之声,1
爱德基金会,1
常德公安,1
宿迁气象,1
保定市徐水区法院,1
昆明石林发布,1
青神县法院,1
杭州公安,1
淮海晚报,1
平安江津,1
江宁开发区法院,1
成都邛崃公安,1
厦门警方在线,1
郫都青年,1
郑州市教育局,1
顺平法院,1
陕西城事,1
青春南京,1
东西湖城管,1
新浪河北城市频道,1
陕西省网络举报中心,1
湖南理工学院团委,1
大英公安,1
双流西航港,1
重庆二中法院,1
枣庄市中普法,1
有数青年,1
当涂检察,1
左岸环境易循环,1
潍坊发布,1
旬阳检察,1
青春绿园,1
法润朝阳,1
灵壤博乐,1
长沙政法,1
龙湖在济南,1
崇左共青团,1
法治进行时,1
兵团日报,1
气象知识,1
兰州城市学院,1
健康龙泉驿,1
昆明青年志愿者,1
火车南站街道,1
新浪资讯台,1
FM1067私家车广播,1
中青河南,1
都市零距离,1
航空融媒,1
梧桐论语理论宣讲,1
立心公考,1
桂溪街道办事处,1
罗江警方,1
哈尔滨广厦学院,1
洮河林区检察,1
海客视频,1
庆阳公安,1
洛阳师范学院微博协会,1
听听FM,1
百工传艺官微,1
贵阳网警巡查执法,1
每日新闻官方微博,1
青春淮北,1
湖南高速铁路职业技术学院,1
石家庄市反电信网络诈骗中心,1
南充交警五大队,1
青春福大,1
石油商报,1
福建省文化和旅游厅,1
灵台发布,1
乐至警方,1
海南特区报,1
麻爪爪,1
西蜀明珠新繁街道,1
东丰检察,1
芒果TV,1
重庆国际车展官方微博,1
葫芦岛市连山区检察院,1
草原味道额尔敦,1
天枢科技,1
绵阳中院,1
荆门网警巡查执法,1
华中师范大学,1
常德消防,1
武陵法院,1
诸城检察,1
京山检察院,1
青白江住建,1
沂蒙精神官方微博,1
龙泉驿城市管理,1
九江生态环境,1
云孚科技官微,1
安州交警,1
重庆万州法院,1
广西师大出版社,1
龙湖在重庆,1
杭州共青团,1
国网湖北电力,1
马路社达人团,1
北汽集团,1
江西农业大学团委,1
国家电网,1
南都周刊,1
甘肃学联,1
大美瑞丽,1
文化纵横杂志,1
泸州教育体育,1
商丘网警巡查执法,1
运城网警巡查执法,1
牡丹江消防,1
新津妇联,1
中国葛洲坝集团,1
燕赵女性,1
福州大学,1
明亚保险经纪官方微博,1
和美元阳,1
大理日报,1
石家庄市禁毒委员会办公室,1
康佳集团,1
唐山检察,1
青海气象服务中心,1
交通银行,1
重庆民族乐团,1
中彩网官方微博,1
中国残联,1
超天才网,1
青神公安,1
中国福利彩票,1
吉祥临翔,1
中环视频,1
山城巷传统风貌区,1
梓潼交警,1
唐糕祖,1
书香江苏在线,1
芸归原创,1
重庆规划自然资源,1
重庆云端之眼,1
平安普惠陆慧融,1
简单视频,1
帮女郎一帮到底,1
拆车坊,1
武汉工程科技学院,1
大河报豫视频,1
国泰汽博城,1
昆明城市学院,1
八益牙科,1
中国社会工作杂志,1
娱乐王妃,1
南粤女声-,1
泌阳县融媒体中心,1
南乐县融媒体中心,1
汝阳县融媒体中心,1
郸城县融媒体中心,1
沁阳市融媒体中心,1
三湘风纪,1
丹东市振安区人民检察院,1
博兴融媒,1
火锅热评榜,1
网信东丽,1
CTBU数统学院学生会,1
网信红桥,1
网信静海,1
网信西青,1
彤心欢喜快乐,1
晋中信息学院,1
淄博市广播电视台,1
幸福杭州道,1
网信蓟州,1
汉沽街道办事处,1
围观之声,1
齐点视频,1
京奇视频,1
火奇视频,1
天津高新区THT,1
江小白·金色黄庄,1
缤果鲜茶,1
天津市滨海新区小王庄镇,1
宁河发布,1
塘沽街道微广播,1
滨海中塘在线,1
长江师范学院微博协会,1
中国航油新青年,1
杨家泊镇,1
中国教育报,1
网信河西,1
爽爽贵阳·心学修文,1
天水在线官方微博,1
平安渝北,1
中信银行,1
中新生态城发布,1
普洱政法,1
上饶发布,1
滨海新区新村街道办事处,1
玉门检察,1
陈建军公考教育,1
甘肃林区检察,1
江西旅游广播,1
网易城市印象,1
茶馆论道,1
警民携手同行,1
海口公安,1
普洱森林消防,1
河南小蚂蚁志愿服务队,1
十堰市公安局东岳分局,1
丽江森林消防,1
陇南康县发改,1
贵阳校园,1
百世快运,1
甘肃阿克塞交警,1
荣县公安,1
大安区公安,1
新昌公安,1
w懂得自我,1
说说上学那些事儿,1
哈尔滨网警巡查执法,1
邵阳市绥宁县法院,1
天津经开区-泰达,1
山西教育招生考试,1
江汉检察,1
安顺公安,1
秦岭北麓检察,1
东丽农委,1
仪陇政法,1
木里公安,1
皇姑发布,1
新北街道,1
东疆综合保税区政务微博,1
岳阳网警巡查执法,1
天津和平,1
渝豪仕,1
成都蒲江公安,1
腾冲文旅,1
滨海大港街,1
香港中国旅游出版社,1
美丽华新,1
滨海新区古林街政务微博,1
播报赣州,1
政务新媒体研学中心,1
厦门科技馆,1
武宁发布,1
朗清公考咨询,1
法治周末,1
渝小淘,1
淮北发布,1
淮北新闻网,1
于洪发布,1
重庆晚报潮生活,1
秭归发布,1
江西科技师范大学团委,1
法国驻华大使馆,1
越秀检察,1
阿勒泰发布,1
惠悦家公寓,1
山东公安,1
平安辽宁,1
安徽国资,1
重庆市结核病防治所,1
天津滨海新城镇,1
内蒙古1056交通之声,1
华明街道办事处,1
双流科新,1
人民网江西频道,1
汉阴法院,1
新传考研小小班,1
宿州学院学生工作助理总队,1
